objectid,icn,statistical_yearof_crash,contrib_cause_prim,contrib_cause_prim_grouping,contrib_cause_sec,type_of_first_crash,traf_control_device,traf_control_device_cond,weather_cond,lighting_cond,ts_crash_latitude,ts_crash_longitude,crash_report_city,crash_injury_severity,is_injury,is_fatal_injury,crash_injury_severity_sort,crash_time_hour,crash_time_mins,is_holiday,is_intersection,is_hit_and_run,is_work_zone_related,is_all_insured,is_any_citation,crash_report_district,crash_report_region,intersection_streets,total_fatals,total_injured,crash_day_of_week,is_teen_driver_crash,is_pedestrain,is_pedalcyclist,is_traffic_signal,is_light_support,is_culvert,is_curb,is_cable_median_barrier,a_injury_crash_ind,b_injury_crash_ind,c_injury_crash_ind,o_injury_crash_ind,ka_crash_ind,kab_crash_ind,dooring_with_pedalcyclist,did_crash_occur_in_work_zone,urban,located_by,latitude,longitude
7298,202101410477,2021,Failing to Yield Right of Way,Other,(N/A),Pedestrian,No Controls,No Controls,Clear,Daylight,41.87777975986125,-87.80464902575159,Oak Park,B-Non-incapacitating injury crash,Yes,No,2,11,15,No,Yes,No,Yes,Yes,No,District 1,Region 1,Adams/Harlem,0,1,Thu,No,Yes,No,No,No,No,No,No,0,1,0,0,0,1,No,No,Urban,Coordinate,41.8777798,-87.804649
7865,202101180194,2021,Failing to Reduce Speed to Avoid Crash,Speed,Unable to Determine,Pedalcyclist,Stop Sign,Functioning Properly,Cloudy/Overcast,Daylight,41.88676529467582,-87.80248481021417,Oak Park,"C-Injury reported, not evident crash",Yes,No,3,18,50,No,Yes,No,Yes,Yes,Yes,District 1,Region 1,Marion St/South Blvd,0,1,Thu,No,No,Yes,No,No,No,No,No,0,0,1,0,0,0,No,No,Urban,Coordinate,41.8867653,-87.8024848
8142,202101181943,2021,Failing to Yield Right of Way,Other,"Evasive Action Due to Animal, Object, Non-Motorist",Pedestrian,No Controls,No Controls,Clear,Daylight,41.87027704603854,-87.80438616683357,Oak Park,B-Non-incapacitating injury crash,Yes,No,2,18,12,No,No,No,Yes,Yes,No,District 1,Region 1,(N/A),0,1,Wed,No,Yes,No,No,No,No,No,No,0,1,0,0,0,1,No,No,Urban,Coordinate,41.870277,-87.8043862
8359,202101182853,2021,Following Too Closely,Other,Unable to Determine,Pedalcyclist,Traffic Signal,Functioning Properly,Clear,Daylight,41.88162993770305,-87.78939994775905,Oak Park,"C-Injury reported, not evident crash",Yes,No,3,17,58,No,Yes,No,Yes,Yes,No,District 1,Region 1,S East Ave/Washington Blvd,0,1,Mon,No,No,Yes,No,No,No,No,No,0,0,1,0,0,0,No,No,Urban,Coordinate,41.8816299,-87.7893999
8646,202301200319,2023,(N/A),Other,(N/A),Pedestrian,No Controls,No Controls,Clear,Daylight,41.88401979737155,-87.77640915188348,Oak Park,B-Non-incapacitating injury crash,Yes,No,2,09,43,No,Yes,Yes,Yes,Yes,No,District 1,Region 1,Randolph St/S Humphrey Ave,0,1,Wed,No,Yes,No,No,No,No,No,No,0,1,0,0,0,1,No,No,Urban,Coordinate,41.8840198,-87.7764092
8648,202201369109,2022,Failing to Yield Right of Way,Other,Failing to Reduce Speed to Avoid Crash,Pedestrian,Traffic Signal,Functioning Properly,Clear,"Darkness, Lighted Road",41.898366327346686,-87.78500468131394,Oak Park,B-Non-incapacitating injury crash,Yes,No,2,17,15,No,No,Yes,Yes,Yes,No,District 1,Region 1,(N/A),0,1,Thu,No,Yes,No,No,No,No,No,No,0,1,0,0,0,1,No,No,Urban,Coordinate,41.8983663,-87.7850047
8765,202401338065,2024,(N/A),Other,Unable to Determine,Pedestrian,No Controls,No Controls,Clear,"Darkness, Lighted Road",41.89089,-87.79455,Oak Park,B-Non-incapacitating injury crash,Yes,No,2,21,11,No,No,No,Yes,Yes,No,District 1,Region 1,(N/A),0,2,Thu,No,Yes,No,No,No,No,No,No,0,1,0,0,0,1,No,No,Urban,Coordinate,41.89089,-87.79455
8995,202201093411,2022,Failing to Reduce Speed to Avoid Crash,Speed,Improper Lane Usage,Pedalcyclist,Traffic Signal,Functioning Properly,Clear,Daylight,41.88832002125631,-87.78468987924656,Oak Park,B-Non-incapacitating injury crash,Yes,No,2,08,40,No,Yes,Yes,Yes,Yes,No,District 1,Region 1,Lake St/N Ridgeland Ave,0,1,Mon,No,No,Yes,No,No,No,No,No,0,1,0,0,0,1,No,No,Urban,Coordinate,41.88832,-87.7846899
9038,202101187817,2021,Failing to Yield Right of Way,Other,Failing to Reduce Speed to Avoid Crash,Pedalcyclist,Traffic Signal,Functioning Properly,Cloudy/Overcast,Daylight,41.88864915675507,-87.80093344917846,Oak Park,B-Non-incapacitating injury crash,Yes,No,2,17,24,No,No,No,Yes,Yes,Yes,District 1,Region 1,(N/A),0,1,Sat,Yes,No,Yes,No,No,No,No,No,0,1,0,0,0,1,No,No,Urban,Coordinate,41.8886492,-87.8009334
9169,202201371577,2022,Failing to Yield Right of Way,Other,Unable to Determine,Pedestrian,Stop Sign,Functioning Properly,Rain,"Darkness, Lighted Road",41.88683421376922,-87.78138447789688,Oak Park,A-Incapacitating injury crash,Yes,No,1,16,56,No,No,Yes,Yes,Yes,No,District 1,Region 1,(N/A),0,1,Tue,No,Yes,No,No,No,No,No,No,1,0,0,0,1,1,No,No,Urban,Coordinate,41.8868342,-87.7813845
9340,202201372940,2022,Failing to Yield Right of Way,Other,Failing to Reduce Speed to Avoid Crash,Pedestrian,Traffic Signal,Functioning Properly,Rain,Daylight,41.894231564091534,-87.80323005496602,Oak Park,"C-Injury reported, not evident crash",Yes,No,3,15,00,No,No,Yes,Yes,Yes,No,District 1,Region 1,(N/A),0,2,Wed,No,Yes,No,No,No,No,No,No,0,0,1,0,0,0,No,No,Urban,Coordinate,41.8942316,-87.8032301
9444,202301206842,2023,Failing to Yield Right of Way,Other,Unable to Determine,Pedestrian,Traffic Signal,Functioning Properly,Clear,Daylight,41.88697707110877,-87.784639944881,Oak Park,B-Non-incapacitating injury crash,Yes,No,2,15,40,No,No,No,Yes,Yes,Yes,District 1,Region 1,(N/A),0,1,Fri,No,Yes,No,No,No,No,No,No,0,1,0,0,0,1,No,No,Urban,Coordinate,41.8869771,-87.7846399
9627,202401344942,2024,Failing to Yield Right of Way,Other,Unable to Determine,Pedestrian,Pedestrian Crossing Sign,Functioning Properly,Clear,Daylight,41.88792,-87.79446,Oak Park,"C-Injury reported, not evident crash",Yes,No,3,13,36,No,No,No,Yes,Yes,Yes,District 1,Region 1,(N/A),0,1,Mon,No,Yes,No,No,No,No,No,No,0,0,1,0,0,0,No,No,Urban,Coordinate,41.88792,-87.79446
9670,202301208525,2023,Failing to Yield Right of Way,Other,Failing to Reduce Speed to Avoid Crash,Pedalcyclist,No Controls,No Controls,Cloudy/Overcast,Daylight,41.89427005603974,-87.80191747016556,Oak Park,"C-Injury reported, not evident crash",Yes,No,3,18,30,No,Yes,No,Yes,Yes,No,District 1,Region 1,Belleforte/Chicago Ave,0,1,Wed,No,No,Yes,No,No,No,No,No,0,0,1,0,0,0,No,No,Urban,Coordinate,41.8942701,-87.8019175
9821,202301371451,2023,Unable to Determine,Other,Unable to Determine,Pedestrian,No Controls,No Controls,Cloudy/Overcast,Dusk,41.88628406695105,-87.80493247592506,Oak Park,"C-Injury reported, not evident crash",Yes,No,3,18,00,No,No,No,Yes,Yes,No,District 1,Region 1,(N/A),0,1,Thu,No,Yes,No,No,No,No,No,No,0,0,1,0,0,0,No,No,Urban,Coordinate,41.8862841,-87.8049325
9833,202101193064,2021,Driving Skills/Knowledge/Experience,Other,Failing to Yield Right of Way,Pedestrian,No Controls,No Controls,Clear,"Darkness, Lighted Road",41.886719744090804,-87.80432707863429,Oak Park,B-Non-incapacitating injury crash,Yes,No,2,21,57,No,No,Yes,Yes,Yes,No,District 1,Region 1,(N/A),0,1,Thu,No,Yes,No,No,No,No,No,No,0,1,0,0,0,1,No,No,Urban,Coordinate,41.8867197,-87.8043271
9834,202101193070,2021,Failing to Yield Right of Way,Other,Failing to Reduce Speed to Avoid Crash,Pedalcyclist,Stop Sign,Functioning Properly,Clear,Darkness,41.89158258306126,-87.79275482142819,Oak Park,B-Non-incapacitating injury crash,Yes,No,2,22,45,No,Yes,No,Yes,Yes,Yes,District 1,Region 1,Erie/Euclid,0,1,Tue,Yes,No,Yes,No,No,No,No,No,0,1,0,0,0,1,No,No,Urban,Coordinate,41.8915826,-87.7927548
9836,202101193396,2021,Failing to Yield Right of Way,Other,Failing to Reduce Speed to Avoid Crash,Pedalcyclist,Stop Sign,Functioning Properly,Clear,Daylight,41.901760248261596,-87.79120239920599,Oak Park,"C-Injury reported, not evident crash",Yes,No,3,17,09,No,Yes,No,Yes,Yes,No,District 1,Region 1,Columbian Ave/Division St,0,1,Wed,No,No,Yes,No,No,No,No,No,0,0,1,0,0,0,No,No,Urban,Coordinate,41.9017602,-87.7912024
9979,202001290419,2020,Failing to Yield Right of Way,Other,Failing to Reduce Speed to Avoid Crash,Pedalcyclist,Stop Sign,Functioning Properly,Clear,Dusk,41.88165994877118,-87.78776104390829,Oak Park,"C-Injury reported, not evident crash",Yes,No,3,17,39,No,Yes,No,Yes,Yes,No,District 1,Region 1,S Scoville Ave/Washington Blvd,0,1,Wed,No,No,Yes,No,No,No,No,No,0,0,1,0,0,0,No,No,Urban,Coordinate,41.8816599,-87.787761
10247,202401045456,2024,Improper Backing,Other,Failing to Reduce Speed to Avoid Crash,Pedestrian,No Controls,No Controls,Clear,Daylight,41.8947062866023,-87.77544343085889,Oak Park,"C-Injury reported, not evident crash",Yes,No,3,12,25,No,No,No,Yes,Yes,Yes,District 1,Region 1,(N/A),0,1,Mon,No,Yes,No,No,No,No,No,No,0,0,1,0,0,0,No,No,Urban,Coordinate,41.8947063,-87.7754434
10423,202001295740,2020,Unable to Determine,Other,(N/A),Pedestrian,No Controls,No Controls,Clear,"Darkness, Lighted Road",41.881628440080455,-87.79992214551127,Oak Park,"C-Injury reported, not evident crash",Yes,No,3,17,44,No,No,No,Yes,Yes,Yes,District 1,Region 1,(N/A),0,1,Fri,Yes,Yes,No,No,No,No,No,No,0,0,1,0,0,0,No,No,Urban,Coordinate,41.8816284,-87.7999221
10446,202401123686,2024,Failing to Yield Right of Way,Other,(N/A),Pedalcyclist,Traffic Signal,Functioning Properly,Clear,"Darkness, Lighted Road",41.90188622225269,-87.7838737430883,Oak Park,"C-Injury reported, not evident crash",Yes,No,3,20,10,No,Yes,Yes,Yes,Yes,No,District 1,Region 1,Division St/N Ridgeland Ave,0,1,Mon,No,No,Yes,No,No,No,No,No,0,0,1,0,0,0,No,No,Urban,Coordinate,41.9018862,-87.7838737
10516,202201386682,2022,Failing to Yield Right of Way,Other,(N/A),Pedestrian,Stop Sign,Functioning Properly,Clear,Daylight,41.87970073587147,-87.79836023729439,Oak Park,"C-Injury reported, not evident crash",Yes,No,3,11,56,No,Yes,No,Yes,Yes,Yes,District 1,Region 1,Clinton Ave/Madison St,0,1,Tue,No,Yes,No,No,No,No,No,No,0,0,1,0,0,0,No,No,Urban,Coordinate,41.8797007,-87.7983602
10858,202401354067,2024,Failing to Yield Right of Way,Other,Failing to Reduce Speed to Avoid Crash,Pedestrian,Traffic Signal,Functioning Properly,Clear,Daylight,41.8814,-87.80237,Oak Park,0-Property damage crash,No,No,4,11,13,No,Yes,No,Yes,Yes,Yes,District 1,Region 1,Washington Blvd/Wisconsin Ave,0,0,Wed,No,Yes,No,No,No,No,No,No,0,0,0,1,0,0,No,No,Urban,Coordinate,41.8814,-87.80237
10878,202301376164,2023,Disregarding Stop Sign,Disregarding Traffic Control,Failing to Yield Right of Way,Pedalcyclist,Stop Sign,Functioning Properly,Clear,Daylight,41.8916179794214,-87.79122121136474,Oak Park,B-Non-incapacitating injury crash,Yes,No,2,14,28,No,Yes,Yes,Yes,Yes,No,District 1,Region 1,Erie St/Linden Ave,0,1,Sun,No,No,Yes,No,No,No,No,No,0,1,0,0,0,1,No,No,Urban,Coordinate,41.891618,-87.7912212
10999,202201392243,2022,Failing to Yield Right of Way,Other,Turning Right On Red,Pedestrian,Traffic Signal,Functioning Properly,Clear,Daylight,41.88171000918653,-87.784509613383,Oak Park,"C-Injury reported, not evident crash",Yes,No,3,11,30,No,Yes,No,Yes,Yes,Yes,District 1,Region 1,S Ridgeland Ave/Washington Blvd,0,1,Thu,No,Yes,No,No,No,No,No,No,0,0,1,0,0,0,No,No,Urban,Coordinate,41.88171,-87.7845096
11002,202201392362,2022,Failing to Yield Right of Way,Other,(N/A),Pedestrian,Stop Sign,Functioning Properly,Cloudy/Overcast,Daylight,41.88655424987344,-87.80494032712302,Oak Park,B-Non-incapacitating injury crash,Yes,No,2,08,30,No,Yes,No,Yes,Yes,No,District 1,Region 1,Circle Avenue/Harlem Avenue,0,1,Mon,No,Yes,No,No,No,No,No,No,0,1,0,0,0,1,No,No,Urban,Coordinate,41.8865543,-87.8049403
11086,202401356047,2024,Failing to Yield Right of Way,Other,Failing to Reduce Speed to Avoid Crash,Pedestrian,Stop Sign,Functioning Properly,Clear,Daylight,41.86899774974613,-87.78161881658772,Oak Park,"C-Injury reported, not evident crash",Yes,No,3,16,48,Yes,Yes,No,Yes,Yes,No,District 1,Region 1,Harvard St/Highland Ave,0,1,Thu,No,Yes,No,No,No,No,No,No,0,0,1,0,0,0,No,No,Urban,Coordinate,41.8689978,-87.7816188
11136,202001303579,2020,Disregarding Road Markings,Other,Failing to Reduce Speed to Avoid Crash,Pedestrian,Other Warning Sign,Functioning Properly,Cloudy/Overcast,Daylight,41.88840553456356,-87.77817472114461,Oak Park,B-Non-incapacitating injury crash,Yes,No,2,11,26,No,No,Yes,Yes,Yes,No,District 1,Region 1,(N/A),0,1,Mon,No,Yes,No,No,No,No,No,No,0,1,0,0,0,1,No,No,Urban,Coordinate,41.8884055,-87.7781747
11365,202301378237,2023,Failing to Reduce Speed to Avoid Crash,Speed,Unable to Determine,Pedalcyclist,Stop Sign,Functioning Properly,Rain,Darkness,41.89827946814715,-87.78010949389287,Oak Park,B-Non-incapacitating injury crash,Yes,No,2,17,04,No,Yes,No,Yes,Yes,No,District 1,Region 1,Augusta St/N Lombard Ave,0,1,Mon,No,No,Yes,No,No,No,No,No,0,1,0,0,0,1,No,No,Urban,Coordinate,41.8982795,-87.7801095
11441,202201397850,2022,Failing to Yield Right of Way,Other,Unable to Determine,Pedestrian,Stop Sign,Functioning Properly,Clear,"Darkness, Lighted Road",41.890192140933216,-87.79604188073796,Oak Park,"C-Injury reported, not evident crash",Yes,No,3,17,38,No,Yes,No,Yes,Yes,Yes,District 1,Region 1,N Grove Ave/Ontario,0,1,Wed,No,Yes,No,No,No,No,No,No,0,0,1,0,0,0,No,No,Urban,Coordinate,41.8901921,-87.7960419
11595,202401360538,2024,Failing to Yield Right of Way,Other,Unable to Determine,Pedestrian,Stop Sign,Functioning Properly,Clear,Daylight,41.869,-87.7816,Oak Park,"C-Injury reported, not evident crash",Yes,No,3,15,14,No,Yes,No,Yes,Yes,Yes,District 1,Region 1,Harvard St/Highland Ave,0,1,Fri,No,Yes,No,No,No,No,No,No,0,0,1,0,0,0,No,No,Urban,Coordinate,41.869,-87.7816
11623,202001309941,2020,Failing to Reduce Speed to Avoid Crash,Speed,Failing to Yield Right of Way,Pedestrian,Traffic Signal,Not Functioning,Clear,Daylight,41.88192307170689,-87.77957732014562,Oak Park,"C-Injury reported, not evident crash",Yes,No,3,10,21,No,Yes,No,Yes,Yes,Yes,District 1,Region 1,S Lombard Ave/Washington Blvd,0,1,Mon,No,Yes,No,No,No,No,No,No,0,0,1,0,0,0,No,No,Urban,Coordinate,41.8819231,-87.7795773
11673,202201401070,2022,Failing to Yield Right of Way,Other,(N/A),Pedalcyclist,Traffic Signal,Functioning Properly,Rain,"Darkness, Lighted Road",41.87261999991732,-87.78422000061072,Oak Park,B-Non-incapacitating injury crash,Yes,No,2,20,35,No,Yes,No,Yes,Yes,Yes,District 1,Region 1,Harrison St/Ridgeland Ave,0,1,Sun,No,No,Yes,No,No,No,No,No,0,1,0,0,0,1,No,No,Urban,Coordinate,41.87262,-87.78422
11805,202301222652,2023,Unable to Determine,Other,(N/A),Pedalcyclist,No Controls,No Controls,Clear,Daylight,41.8754129934183,-87.79952660041297,Oak Park,B-Non-incapacitating injury crash,Yes,No,2,18,12,No,No,No,Yes,Yes,No,District 1,Region 1,(N/A),0,1,Fri,No,No,Yes,No,No,No,No,No,0,1,0,0,0,1,No,No,Urban,Coordinate,41.875413,-87.7995266
11931,202101421973,2021,"Evasive Action Due to Animal, Object, Non-Motorist",Other,(N/A),Pedestrian,Traffic Signal,Functioning Properly,Cloudy/Overcast,Darkness,41.88000598226661,-87.78398784210822,Oak Park,A-Incapacitating injury crash,Yes,No,1,17,08,Yes,No,No,Yes,Yes,No,District 1,Region 1,(N/A),0,1,Fri,Yes,Yes,No,No,No,No,No,No,1,0,0,0,1,1,No,No,Urban,Coordinate,41.880006,-87.7839878
11992,202101208254,2021,Failing to Yield Right of Way,Other,Unable to Determine,Pedestrian,No Controls,No Controls,Clear,"Darkness, Lighted Road",41.872220110332336,-87.80445695838006,Oak Park,B-Non-incapacitating injury crash,Yes,No,2,21,00,No,No,Yes,Yes,Yes,No,District 1,Region 1,(N/A),0,1,Tue,No,Yes,No,No,No,No,No,No,0,1,0,0,0,1,No,No,Urban,Coordinate,41.8722201,-87.804457
11993,202101208273,2021,Driving Skills/Knowledge/Experience,Other,Unable to Determine,Pedalcyclist,Stop Sign,No Controls,Clear,"Darkness, Lighted Road",41.88332999102185,-87.79109044243863,Oak Park,B-Non-incapacitating injury crash,Yes,No,2,21,12,No,Yes,No,Yes,Yes,Yes,District 1,Region 1,Randolph/Wesley Ave,0,1,Wed,No,No,Yes,No,No,No,No,No,0,1,0,0,0,1,No,No,Urban,Coordinate,41.88333,-87.7910904
11994,202101208287,2021,Improper Turning/No Signal,Other,Failing to Yield Right of Way,Pedestrian,Stop Sign,Functioning Properly,Clear,Daylight,41.883246143464966,-87.80395435638737,Oak Park,B-Non-incapacitating injury crash,Yes,No,2,14,48,No,Yes,Yes,Yes,Yes,No,District 1,Region 1,Randolph St/S Maple Ave,0,1,Thu,No,Yes,No,No,No,No,No,No,0,1,0,0,0,1,No,No,Urban,Coordinate,41.8832461,-87.8039544
12144,202301225028,2023,Failing to Yield Right of Way,Other,Failing to Reduce Speed to Avoid Crash,Pedalcyclist,Stop Sign,Functioning Properly,Clear,Daylight,41.865132817271,-87.79632653804475,Oak Park,B-Non-incapacitating injury crash,Yes,No,2,08,57,No,Yes,No,Yes,Yes,No,District 1,Region 1,Roosevelt Rd/S Kenilworth Ave,0,1,Mon,No,No,Yes,No,No,No,No,No,0,1,0,0,0,1,No,No,Urban,Coordinate,41.8651328,-87.7963265
12182,202101208335,2021,Disregarding Yield Sign,Disregarding Traffic Control,Failing to Yield Right of Way,Pedestrian,Pedestrian Crossing Sign,Functioning Properly,Clear,Darkness,41.890611636278855,-87.8002623915602,Oak Park,B-Non-incapacitating injury crash,Yes,No,2,00,36,No,No,Yes,Yes,Yes,No,District 1,Region 1,(N/A),0,1,Wed,No,Yes,No,No,No,No,No,No,0,1,0,0,0,1,No,No,Urban,Coordinate,41.8906116,-87.8002624
12250,202401050555,2024,Vision Obscured,Other,Failing to Yield Right of Way,Pedestrian,Stop Sign,Functioning Properly,Clear,Daylight,41.903500866972365,-87.79638903364408,Oak Park,A-Incapacitating injury crash,Yes,No,1,07,41,No,Yes,No,Yes,Yes,Yes,District 1,Region 1,Berkshire St/N Grove Ave,0,1,Mon,Yes,Yes,No,No,No,No,No,No,1,0,0,0,1,1,No,No,Urban,Coordinate,41.9035009,-87.796389
12537,202301383474,2023,Improper Lane Usage,Other,(N/A),Pedalcyclist,No Controls,No Controls,Clear,Daylight,41.908926531036315,-87.7993156323179,Oak Park,B-Non-incapacitating injury crash,Yes,No,2,15,12,Yes,No,No,Yes,Yes,Yes,District 1,Region 1,(N/A),0,1,Fri,No,No,Yes,No,No,No,No,No,0,1,0,0,0,1,No,No,Urban,Coordinate,41.9089265,-87.7993156
12538,202301383516,2023,Failing to Yield Right of Way,Other,(N/A),Pedestrian,Pedestrian Crossing Sign,Functioning Properly,Clear,"Darkness, Lighted Road",41.891717265669925,-87.78480165949404,Oak Park,A-Incapacitating injury crash,Yes,No,1,16,39,Yes,Yes,No,Yes,Yes,Yes,District 1,Region 1,Erie St/N Ridgeland Ave,0,1,Sun,Yes,Yes,No,No,No,No,No,No,1,0,0,0,1,1,No,No,Urban,Coordinate,41.8917173,-87.7848017
12748,202401368246,2024,Failing to Yield Right of Way,Other,Failing to Yield Right of Way,Pedestrian,Traffic Signal,Functioning Properly,Clear,Daylight,41.87626661458353,-87.78436080035313,Oak Park,B-Non-incapacitating injury crash,Yes,No,2,09,07,No,Yes,No,Yes,Yes,Yes,District 1,Region 1,Jackson Blvd/Ridgeland Ave,0,1,Mon,No,Yes,No,No,No,No,No,No,0,1,0,0,0,1,No,No,Urban,Coordinate,41.8762666,-87.7843608
13109,202401372173,2024,Unable to Determine,Other,(N/A),Pedestrian,No Controls,No Controls,Clear,Daylight,41.87612758599116,-87.792895678759,Oak Park,"C-Injury reported, not evident crash",Yes,No,3,08,12,No,Yes,No,No,Yes,No,District 1,Region 1,Jackson Blvd/S Euclid Ave,0,1,Tue,No,Yes,No,No,No,No,No,No,0,0,1,0,0,0,No,No,Urban,Coordinate,41.8761276,-87.7928957
13381,202401373746,2024,Failing to Yield Right of Way,Other,(N/A),Pedestrian,Stop Sign,Functioning Properly,Rain,Darkness,41.88335254993055,-87.79850868634632,Oak Park,B-Non-incapacitating injury crash,Yes,No,2,18,46,No,Yes,No,No,Yes,Yes,District 1,Region 1,Clinton/Randolph,0,1,Wed,No,Yes,No,No,No,No,No,No,0,1,0,0,0,1,No,No,Urban,Coordinate,41.8833526,-87.7985087
14106,202301239253,2023,Failing to Reduce Speed to Avoid Crash,Speed,(N/A),Pedalcyclist,Traffic Signal,Functioning Properly,Clear,Daylight,41.87977188879313,-87.78933590794001,Oak Park,0-Property damage crash,No,No,4,14,35,No,Yes,No,Yes,Yes,No,District 1,Region 1,Madison St/S East Ave,0,0,Sun,No,No,Yes,No,No,No,No,No,0,0,0,1,0,0,No,No,Urban,Coordinate,41.8797719,-87.7893359