objectid,icn,statistical_yearof_crash,contrib_cause_prim,contrib_cause_prim_grouping,contrib_cause_sec,type_of_first_crash,traf_control_device,traf_control_device_cond,weather_cond,lighting_cond,ts_crash_latitude,ts_crash_longitude,crash_report_city,crash_injury_severity,is_injury,is_fatal_injury,crash_injury_severity_sort,crash_time_hour,crash_time_mins,is_holiday,is_intersection,is_hit_and_run,is_work_zone_related,is_all_insured,is_any_citation,crash_report_district,crash_report_region,intersection_streets,total_fatals,total_injured,crash_day_of_week,is_teen_driver_crash,is_pedestrain,is_pedalcyclist,is_traffic_signal,is_light_support,is_culvert,is_curb,is_cable_median_barrier,a_injury_crash_ind,b_injury_crash_ind,c_injury_crash_ind,o_injury_crash_ind,ka_crash_ind,kab_crash_ind,dooring_with_pedalcyclist,did_crash_occur_in_work_zone,urban,located_by,latitude,longitude
14147,202401126998,2024,Unable to Determine,Other,(N/A),Pedestrian,Traffic Signal,Functioning Properly,Clear,"Darkness, Lighted Road",41.87363349689895,-87.80451772921467,Oak Park,B-Non-incapacitating injury crash,Yes,No,2,00,24,No,Yes,Yes,Yes,Yes,No,District 1,Region 1,I290 W/S Harlem Ave,0,1,Fri,No,Yes,No,No,No,No,No,No,0,1,0,0,0,1,No,No,Urban,Coordinate,41.8736335,-87.8045177
14317,202401101819,2024,Failing to Reduce Speed to Avoid Crash,Speed,(N/A),Pedalcyclist,Traffic Signal,Functioning Properly,Clear,Daylight,41.881379999600746,-87.80478000168537,Oak Park,B-Non-incapacitating injury crash,Yes,No,2,12,56,No,Yes,No,Yes,Yes,No,District 1,Region 1,N Harlem Ave/Washington Blvd,0,1,Sat,No,No,Yes,No,No,No,No,No,0,1,0,0,0,1,No,No,Urban,Coordinate,41.88138,-87.80478
14442,202301242199,2023,Distraction - From Outside Vehicle,Other,Failing to Yield Right of Way,Pedestrian,Stop Sign,Functioning Properly,Clear,Daylight,41.87817363007068,-87.80379083434487,Oak Park,"C-Injury reported, not evident crash",Yes,No,3,08,20,No,Yes,No,Yes,Yes,Yes,District 1,Region 1,Monroe St/S Maple Ave,0,1,Thu,No,Yes,No,No,No,No,No,No,0,0,1,0,0,0,No,No,Urban,Coordinate,41.8781736,-87.8037908
14659,202001350166,2020,Unable to Determine,Other,Unable to Determine,Pedestrian,No Controls,No Controls,Clear,"Darkness, Lighted Road",41.88807116165695,-87.77655119041377,Oak Park,A-Incapacitating injury crash,Yes,No,1,21,00,No,No,Yes,Yes,Yes,No,District 1,Region 1,(N/A),0,1,Wed,No,Yes,No,No,No,No,No,No,1,0,0,0,1,1,No,No,Urban,Coordinate,41.8880712,-87.7765512
14774,202301393376,2023,Failing to Yield Right of Way,Other,Unable to Determine,Pedestrian,Traffic Signal,Functioning Properly,Clear,Daylight,41.87230217415038,-87.80446009898006,Oak Park,"C-Injury reported, not evident crash",Yes,No,3,07,55,No,Yes,Yes,Yes,Yes,No,District 1,Region 1,Harlem/Harrison,0,1,Mon,No,Yes,No,No,No,No,No,No,0,0,1,0,0,0,No,No,Urban,Coordinate,41.8723022,-87.8044601
14814,202301245493,2023,Disregarding Stop Sign,Disregarding Traffic Control,Failing to Yield Right of Way,Pedalcyclist,Stop Sign,Functioning Properly,Clear,Dusk,41.894520018502924,-87.78812017523424,Oak Park,B-Non-incapacitating injury crash,Yes,No,2,19,44,No,Yes,No,Yes,Yes,Yes,District 1,Region 1,Chicago Ave/N Scoville Ave,0,1,Sat,No,No,Yes,No,No,No,No,No,0,1,0,0,0,1,No,No,Urban,Coordinate,41.89452,-87.7881202
15074,202001354556,2020,Following Too Closely,Other,(N/A),Pedestrian,No Controls,No Controls,Clear,Darkness,41.90841372808908,-87.79651619842672,Oak Park,B-Non-incapacitating injury crash,Yes,No,2,17,16,No,No,No,Yes,Yes,Yes,District 1,Region 1,(N/A),0,1,Sun,No,Yes,No,No,No,No,No,No,0,1,0,0,0,1,No,No,Urban,Coordinate,41.9084137,-87.7965162
15075,202001354623,2020,Failing to Yield Right of Way,Other,Failing to Reduce Speed to Avoid Crash,Pedestrian,Traffic Signal,Functioning Properly,Clear,"Darkness, Lighted Road",41.87971105534198,-87.79426973470996,Oak Park,"C-Injury reported, not evident crash",Yes,No,3,20,00,No,Yes,No,Yes,Yes,Yes,District 1,Region 1,Madison St/S Oak Park Ave,0,1,Sat,No,Yes,No,No,No,No,No,No,0,0,1,0,0,0,No,No,Urban,Coordinate,41.8797111,-87.7942697
15076,202001354638,2020,Disregarding Stop Sign,Disregarding Traffic Control,Vision Obscured,Pedestrian,Stop Sign,Functioning Properly,Cloudy/Overcast,Daylight,41.88156018792099,-87.79562769800229,Oak Park,B-Non-incapacitating injury crash,Yes,No,2,11,37,No,Yes,No,Yes,Yes,Yes,District 1,Region 1,S Grove/Washington,0,1,Fri,No,Yes,No,No,No,No,No,No,0,1,0,0,0,1,No,No,Urban,Coordinate,41.8815602,-87.7956277
15077,202001354646,2020,Failing to Yield Right of Way,Other,Unable to Determine,Pedestrian,No Controls,No Controls,Clear,Daylight,41.86697788630741,-87.79382202514887,Oak Park,B-Non-incapacitating injury crash,Yes,No,2,09,52,No,Yes,No,Yes,Yes,Yes,District 1,Region 1,Fillmore St/S Oak Park Ave,0,1,Fri,No,Yes,No,No,No,No,No,No,0,1,0,0,0,1,No,No,Urban,Coordinate,41.8669779,-87.793822
15090,202301248078,2023,Failing to Yield Right of Way,Other,Failing to Reduce Speed to Avoid Crash,Pedalcyclist,Pedestrian Crossing Sign,Functioning Properly,Clear,Daylight,41.89435002230605,-87.7976599287598,Oak Park,B-Non-incapacitating injury crash,Yes,No,2,17,21,No,Yes,No,Yes,Yes,Yes,District 1,Region 1,Chicago Ave/N Kenilworth Ave,0,1,Mon,No,No,Yes,No,No,No,No,No,0,1,0,0,0,1,No,No,Urban,Coordinate,41.89435,-87.7976599
15300,202401388692,2024,Failing to Yield Right of Way,Other,Failing to Reduce Speed to Avoid Crash,Pedalcyclist,Stop Sign,Functioning Properly,Clear,Darkness,41.86540853462435,-87.77778065055192,Oak Park,B-Non-incapacitating injury crash,Yes,No,2,16,05,No,Yes,No,Yes,Yes,Yes,District 1,Region 1,Roosevelt Rd/S Taylor Ave,0,1,Mon,No,No,Yes,No,No,No,No,No,0,1,0,0,0,1,No,No,Urban,Coordinate,41.8654085,-87.7777807
15358,202301023758,2023,Failing to Yield Right of Way,Other,Unable to Determine,Pedestrian,Traffic Signal,Functioning Properly,Clear,Daylight,41.868959831688564,-87.78408999382242,Oak Park,A-Incapacitating injury crash,Yes,No,1,14,59,No,Yes,No,Yes,Yes,Yes,District 1,Region 1,Harvard St/S Ridgeland Ave,0,1,Mon,No,Yes,No,No,No,No,No,No,1,0,0,0,1,1,No,No,Urban,Coordinate,41.8689598,-87.78409
15623,202101014358,2021,Unable to Determine,Other,Unable to Determine,Pedestrian,Traffic Signal,Functioning Properly,Clear,Daylight,41.873633772562904,-87.80452000101653,Oak Park,"C-Injury reported, not evident crash",Yes,No,3,10,04,No,Yes,Yes,Yes,Yes,No,District 1,Region 1,Harlem/I-290,0,1,Fri,No,Yes,No,No,No,No,No,No,0,0,1,0,0,0,No,No,Urban,Coordinate,41.8736338,-87.80452
15666,202401058885,2024,Failing to Reduce Speed to Avoid Crash,Speed,Improper Lane Usage,Pedalcyclist,Traffic Signal,Functioning Properly,Clear,Daylight,41.8800047464253,-87.78409979063929,Oak Park,"C-Injury reported, not evident crash",Yes,No,3,15,12,No,No,No,Yes,Yes,Yes,District 1,Region 1,(N/A),0,1,Mon,No,No,Yes,No,No,No,No,No,0,0,1,0,0,0,No,No,Urban,Coordinate,41.8800047,-87.7840998
15722,202301253813,2023,Unable to Determine,Other,(N/A),Pedalcyclist,No Controls,No Controls,Rain,"Darkness, Lighted Road",41.90919640807334,-87.77969526228638,Oak Park,B-Non-incapacitating injury crash,Yes,No,2,22,11,No,No,Yes,Yes,Yes,No,District 1,Region 1,(N/A),0,1,Mon,No,No,Yes,No,No,No,No,No,0,1,0,0,0,1,No,No,Urban,Coordinate,41.9091964,-87.7796953
15766,202101015940,2021,Failing to Reduce Speed to Avoid Crash,Speed,Following Too Closely,Pedalcyclist,No Controls,No Controls,Clear,Daylight,41.894668599734025,-87.77788572151167,Oak Park,B-Non-incapacitating injury crash,Yes,No,2,14,50,No,No,No,Yes,Yes,Yes,District 1,Region 1,(N/A),0,1,Tue,No,No,Yes,No,No,No,No,No,0,1,0,0,0,1,No,No,Urban,Coordinate,41.8946686,-87.7778857
15953,202301029950,2023,Failing to Yield Right of Way,Other,Failing to Reduce Speed to Avoid Crash,Pedestrian,Pedestrian Crossing Sign,Functioning Properly,Snow,"Darkness, Lighted Road",41.888645427925674,-87.80163992161516,Oak Park,A-Incapacitating injury crash,Yes,No,1,18,13,No,No,No,Yes,Yes,Yes,District 1,Region 1,(N/A),0,1,Wed,No,Yes,No,No,No,No,No,No,1,0,0,0,1,1,No,No,Urban,Coordinate,41.8886454,-87.8016399
16013,202401394351,2024,Failing to Yield Right of Way,Other,Failing to Reduce Speed to Avoid Crash,Pedestrian,Traffic Signal,Functioning Properly,Clear,Daylight,41.8688,-87.79385,Oak Park,B-Non-incapacitating injury crash,Yes,No,2,14,23,Yes,Yes,No,Yes,Yes,Yes,District 1,Region 1,Harvard St/S Oak Park Ave,0,1,Sun,Yes,Yes,No,No,No,No,No,No,0,1,0,0,0,1,No,No,Urban,Coordinate,41.8688,-87.79385
16124,202301031157,2023,Failing to Yield Right of Way,Other,Failing to Reduce Speed to Avoid Crash,Pedestrian,Traffic Signal,Functioning Properly,Snow,"Darkness, Lighted Road",41.87966695206294,-87.80473009244747,Oak Park,B-Non-incapacitating injury crash,Yes,No,2,17,42,No,Yes,No,Yes,Yes,No,District 1,Region 1,Harlem Ave/Madison St,0,1,Thu,No,Yes,No,No,No,No,No,No,0,1,0,0,0,1,No,No,Urban,Coordinate,41.879667,-87.8047301
16241,202001019124,2020,"Distraction – Other Electronic Device (Navigation Device, DVD Player, etc.)",Other,Unable to Determine,Pedestrian,No Controls,No Controls,Cloudy/Overcast,Daylight,41.89422441463011,-87.80362659800977,Oak Park,B-Non-incapacitating injury crash,Yes,No,2,15,31,No,No,No,Yes,Yes,No,District 1,Region 1,(N/A),0,1,Fri,No,Yes,No,No,No,No,No,No,0,1,0,0,0,1,No,No,Urban,Coordinate,41.8942244,-87.8036266
16315,202101361271,2021,Failing to Yield Right of Way,Other,(N/A),Pedalcyclist,No Controls,No Controls,Clear,Daylight,41.90361860447106,-87.79489085675733,Oak Park,A-Incapacitating injury crash,Yes,No,1,07,47,No,Yes,No,Yes,Yes,Yes,District 1,Region 1,Berkshire St/N Oak Park Ave,0,1,Mon,Yes,No,Yes,No,No,No,No,No,1,0,0,0,1,1,No,No,Urban,Coordinate,41.9036186,-87.7948909
16316,202101361273,2021,Failing to Yield Right of Way,Other,Failing to Reduce Speed to Avoid Crash,Pedestrian,Pedestrian Crossing Sign,Functioning Properly,Clear,Daylight,41.87628905372902,-87.78309974060963,Oak Park,"C-Injury reported, not evident crash",Yes,No,3,15,11,No,No,No,Yes,Yes,Yes,District 1,Region 1,(N/A),0,1,Mon,Yes,Yes,No,No,No,No,No,No,0,0,1,0,0,0,No,No,Urban,Coordinate,41.8762891,-87.7830997
16841,202101362502,2021,Failing to Yield Right of Way,Other,(N/A),Pedestrian,No Controls,No Controls,Clear,"Darkness, Lighted Road",41.87634905640175,-87.77799467304851,Oak Park,"C-Injury reported, not evident crash",Yes,No,3,18,18,No,No,No,Yes,Yes,Yes,District 1,Region 1,(N/A),0,1,Mon,Yes,Yes,No,No,No,No,No,No,0,0,1,0,0,0,No,No,Urban,Coordinate,41.8763491,-87.7779947
16858,202401061176,2024,Failing to Reduce Speed to Avoid Crash,Speed,(N/A),Pedalcyclist,Stop Sign,Functioning Properly,Clear,Daylight,41.9038046981747,-87.78277471449904,Oak Park,B-Non-incapacitating injury crash,Yes,No,2,15,59,No,Yes,No,Yes,Yes,Yes,District 1,Region 1,Berkshire St/N Harvey Ave,0,1,Sun,No,No,Yes,No,No,No,No,No,0,1,0,0,0,1,No,No,Urban,Coordinate,41.9038047,-87.7827747
16962,202301262241,2023,Failing to Yield Right of Way,Other,Unable to Determine,Pedalcyclist,Stop Sign,Functioning Properly,Clear,"Darkness, Lighted Road",41.88000171554198,-87.77587652868947,Oak Park,B-Non-incapacitating injury crash,Yes,No,2,21,09,No,Yes,No,Yes,Yes,Yes,District 1,Region 1,Madison/S Humphrey Ave,0,1,Fri,No,No,Yes,No,No,No,No,No,0,1,0,0,0,1,No,No,Urban,Coordinate,41.8800017,-87.7758765
17194,202401401827,2024,Unable to Determine,Other,(N/A),Pedestrian,Traffic Signal,Functioning Properly,Clear,"Darkness, Lighted Road",41.88655326488193,-87.80493955984932,Oak Park,"C-Injury reported, not evident crash",Yes,No,3,20,34,No,Yes,No,Yes,Yes,No,District 1,Region 1,Circle Ave/Harlem Ave,0,1,Sun,No,Yes,No,No,No,No,No,No,0,0,1,0,0,0,No,No,Urban,Coordinate,41.8865533,-87.8049396
17197,202401401938,2024,Failing to Yield Right of Way,Other,Failing to Reduce Speed to Avoid Crash,Pedestrian,Traffic Signal,Functioning Properly,Clear,Daylight,41.86893,-87.78409,Oak Park,"C-Injury reported, not evident crash",Yes,No,3,14,01,No,Yes,No,Yes,Yes,Yes,District 1,Region 1,Harvard St/S Ridgeland Ave,0,1,Sun,No,Yes,No,No,No,No,No,No,0,0,1,0,0,0,No,No,Urban,Coordinate,41.86893,-87.78409
17430,202301265788,2023,Improper Backing,Other,Vision Obscured,Pedestrian,No Controls,No Controls,Clear,Daylight,41.883226300628344,-87.80242041061621,Oak Park,B-Non-incapacitating injury crash,Yes,No,2,09,58,No,No,No,Yes,Yes,Yes,District 1,Region 1,(N/A),0,1,Wed,No,Yes,No,No,No,No,No,No,0,1,0,0,0,1,No,No,Urban,Coordinate,41.8832263,-87.8024204
17647,202101245017,2021,Failing to Reduce Speed to Avoid Crash,Speed,(N/A),Pedalcyclist,Stop Sign,No Controls,Clear,Daylight,41.90890986452419,-87.805780677066,Oak Park,"C-Injury reported, not evident crash",Yes,No,3,14,15,No,Yes,No,Yes,Yes,Yes,District 1,Region 1,Harlem Ave/Le Moyne Pkwy,0,1,Thu,No,No,Yes,No,No,No,No,No,0,0,1,0,0,0,No,No,Urban,Coordinate,41.9089099,-87.8057807
17896,202301406344,2023,Failing to Yield Right of Way,Other,Unable to Determine,Pedestrian,Traffic Signal,Functioning Properly,Clear,Daylight,41.88655423105706,-87.80494096722799,Oak Park,B-Non-incapacitating injury crash,Yes,No,2,14,59,No,Yes,No,Yes,Yes,Yes,District 1,Region 1,(UNK)/Harlem,0,1,Sun,No,Yes,No,No,No,No,No,No,0,1,0,0,0,1,No,No,Urban,Coordinate,41.8865542,-87.804941
17914,202001044092,2020,Failing to Yield Right of Way,Other,Unable to Determine,Pedestrian,No Controls,No Controls,Snow,"Darkness, Lighted Road",41.88325666618082,-87.80242033468554,Oak Park,B-Non-incapacitating injury crash,Yes,No,2,18,39,No,Yes,No,Yes,Yes,Yes,District 1,Region 1,Randolph St/Wisconsin Ave,0,1,Wed,No,Yes,No,No,No,No,No,No,0,1,0,0,0,1,No,No,Urban,Coordinate,41.8832567,-87.8024203
18043,202001046399,2020,Failing to Yield Right of Way,Other,Unable to Determine,Pedestrian,Traffic Signal,Functioning Properly,Clear,"Darkness, Lighted Road",41.873633751662524,-87.80451982877211,Oak Park,B-Non-incapacitating injury crash,Yes,No,2,23,30,No,Yes,No,Yes,Yes,No,District 1,Region 1,Expressway/Harlem Ave,0,1,Sat,No,Yes,No,No,No,No,No,No,0,1,0,0,0,1,No,No,Urban,Coordinate,41.8736338,-87.8045198
18057,202301270290,2023,Failing to Yield Right of Way,Other,(N/A),Pedestrian,No Controls,No Controls,Clear,Daylight,41.88865816217111,-87.79607742000918,Oak Park,"C-Injury reported, not evident crash",Yes,No,3,15,53,No,No,No,Yes,Yes,Yes,District 1,Region 1,(N/A),0,1,Fri,Yes,Yes,No,No,No,No,No,No,0,0,1,0,0,0,No,No,Urban,Coordinate,41.8886582,-87.7960774
18097,202401159730,2024,Failing to Yield Right of Way,Other,Failing to Reduce Speed to Avoid Crash,Pedestrian,Traffic Signal,Functioning Properly,Clear,"Darkness, Lighted Road",41.88685,-87.79446,Oak Park,B-Non-incapacitating injury crash,Yes,No,2,19,53,No,No,Yes,Yes,Yes,No,District 1,Region 1,(N/A),0,1,Sat,No,Yes,No,No,No,No,No,No,0,1,0,0,0,1,No,No,Urban,Coordinate,41.88685,-87.79446
18306,202301271662,2023,Failing to Yield Right of Way,Other,(N/A),Pedestrian,Traffic Signal,Functioning Properly,Clear,"Darkness, Lighted Road",41.88158075393913,-87.79433000129464,Oak Park,B-Non-incapacitating injury crash,Yes,No,2,23,09,No,Yes,No,Yes,Yes,Yes,District 1,Region 1,S Oak Park Ave/Washington Blvd,0,1,Mon,No,Yes,No,No,No,No,No,No,0,1,0,0,0,1,No,No,Urban,Coordinate,41.8815808,-87.79433
18527,202001052652,2020,Unable to Determine,Other,Unable to Determine,Pedestrian,No Controls,No Controls,Cloudy/Overcast,Daylight,41.8798159589496,-87.78765511779874,Oak Park,0-Property damage crash,No,No,4,18,54,No,No,No,Yes,Yes,No,District 1,Region 1,(N/A),0,0,Thu,No,Yes,No,No,No,No,No,No,0,0,0,1,0,0,No,No,Urban,Coordinate,41.879816,-87.7876551
18575,202301274013,2023,Failing to Reduce Speed to Avoid Crash,Speed,Unable to Determine,Pedestrian,Other,No Controls,Clear,Daylight,41.877621131591916,-87.7745718501733,Oak Park,A-Incapacitating injury crash,Yes,No,1,15,12,No,Yes,Yes,Yes,Yes,No,District 1,Region 1,S Austin Blvd/W Adams Blvd,0,1,Wed,No,Yes,No,No,No,No,No,No,1,0,0,0,1,1,No,No,Urban,Coordinate,41.8776211,-87.7745718
18779,202001057277,2020,Failing to Yield Right of Way,Other,Failing to Reduce Speed to Avoid Crash,Pedestrian,Stop Sign,Functioning Properly,Rain,Daylight,41.88169013157336,-87.78613921450679,Oak Park,B-Non-incapacitating injury crash,Yes,No,2,14,56,No,Yes,No,Yes,Yes,Yes,District 1,Region 1,S Elmwood Ave/Washington Blvd,0,1,Mon,Yes,Yes,No,No,No,No,No,No,0,1,0,0,0,1,No,No,Urban,Coordinate,41.8816901,-87.7861392
19026,202201018770,2022,Failing to Yield Right of Way,Other,Unable to Determine,Pedestrian,No Controls,No Controls,Clear,Daylight,41.90865290490181,-87.77948725929262,Oak Park,"C-Injury reported, not evident crash",Yes,No,3,10,09,No,No,No,Yes,Yes,Yes,District 1,Region 1,(N/A),0,1,Mon,No,Yes,No,No,No,No,No,No,0,0,1,0,0,0,No,No,Urban,Coordinate,41.9086529,-87.7794873
19168,202301060652,2023,Failing to Yield Right of Way,Other,Improper Turning/No Signal,Pedestrian,Stop Sign,Functioning Properly,Rain,Daylight,41.86723796811758,-87.77784946119671,Oak Park,A-Incapacitating injury crash,Yes,No,1,17,39,No,Yes,Yes,Yes,Yes,No,District 1,Region 1,Fillmore St/Taylor Ave,0,1,Wed,No,Yes,No,No,No,No,No,No,1,0,0,0,1,1,No,No,Urban,Coordinate,41.867238,-87.7778495
19483,202101253857,2021,Improper Overtaking/Passing,Other,Failing to Reduce Speed to Avoid Crash,Pedalcyclist,No Controls,No Controls,Clear,Dusk,41.90728367380268,-87.79257951098454,Oak Park,B-Non-incapacitating injury crash,Yes,No,2,18,47,No,No,No,Yes,Yes,No,District 1,Region 1,(N/A),0,1,Mon,No,No,Yes,No,No,No,No,No,0,1,0,0,0,1,No,No,Urban,Coordinate,41.9072837,-87.7925795
19578,202301080189,2023,(N/A),Other,(N/A),Pedestrian,Traffic Signal,Functioning Properly,Snow,"Darkness, Lighted Road",41.87965960274406,-87.80472998210415,Oak Park,K-Fatal crash,No,Yes,0,23,17,No,Yes,Yes,Yes,Yes,No,District 1,Region 1,Harlem Ave/Madison St,1,0,Fri,No,Yes,No,No,No,No,No,No,0,0,0,0,1,1,No,No,Urban,Coordinate,41.8796596,-87.80473
19579,202301065571,2023,Failing to Yield Right of Way,Other,Unable to Determine,Pedestrian,Stop Sign,Functioning Properly,Rain,Daylight,41.890582022516014,-87.8026665580371,Oak Park,"C-Injury reported, not evident crash",Yes,No,3,07,47,No,Yes,No,Yes,Yes,Yes,District 1,Region 1,N Marion St/Ontario St,0,1,Mon,No,Yes,No,No,No,No,No,No,0,0,1,0,0,0,No,No,Urban,Coordinate,41.890582,-87.8026666
19596,202001069645,2020,Failing to Reduce Speed to Avoid Crash,Speed,(N/A),Pedestrian,Stop Sign,Functioning Properly,Clear,Daylight,41.8810425615988,-87.78448127094643,Oak Park,0-Property damage crash,No,No,4,08,30,No,No,No,Yes,Yes,No,District 1,Region 1,(N/A),0,0,Tue,No,Yes,No,No,No,No,No,No,0,0,0,1,0,0,No,No,Urban,Coordinate,41.8810426,-87.7844813
19744,202301413084,2023,Improper Overtaking/Passing,Other,Failing to Reduce Speed to Avoid Crash,Pedalcyclist,Stop Sign,Functioning Properly,Clear,"Darkness, Lighted Road",41.891717331178256,-87.78479662806477,Oak Park,"C-Injury reported, not evident crash",Yes,No,3,17,10,No,Yes,Yes,Yes,Yes,No,District 1,Region 1,Erie St/N Ridgeland Ave,0,1,Wed,Yes,No,Yes,No,No,No,No,No,0,0,1,0,0,0,No,No,Urban,Coordinate,41.8917173,-87.7847966
19956,202301284143,2023,Failing to Yield Right of Way,Other,(N/A),Pedalcyclist,Traffic Signal,Functioning Properly,Cloudy/Overcast,Daylight,41.90154996348814,-87.80552145803365,Oak Park,B-Non-incapacitating injury crash,Yes,No,2,10,51,No,Yes,No,Yes,Yes,Yes,District 1,Region 1,Division/Harlem,0,1,Fri,No,No,Yes,No,No,No,No,No,0,1,0,0,0,1,No,No,Urban,Coordinate,41.90155,-87.8055215
20157,202101257818,2021,Failing to Yield Right of Way,Other,Improper Turning/No Signal,Pedalcyclist,Traffic Signal,Functioning Properly,Clear,Darkness,41.87993050622189,-87.77953196662871,Oak Park,B-Non-incapacitating injury crash,Yes,No,2,20,14,No,Yes,No,Yes,Yes,Yes,District 1,Region 1,Madison St/S Lombard Ave,0,1,Thu,No,No,Yes,No,No,No,No,No,0,1,0,0,0,1,No,No,Urban,Coordinate,41.8799305,-87.779532
20185,202101258487,2021,Failing to Yield Right of Way,Other,Failing to Reduce Speed to Avoid Crash,Pedalcyclist,Traffic Signal,Functioning Properly,Clear,"Darkness, Lighted Road",41.87261940538152,-87.78421997214868,Oak Park,B-Non-incapacitating injury crash,Yes,No,2,22,03,No,Yes,No,Yes,Yes,Yes,District 1,Region 1,Harrison St/S Ridgeland Ave,0,1,Fri,No,No,Yes,No,No,No,No,No,0,1,0,0,0,1,No,No,Urban,Coordinate,41.8726194,-87.78422