objectid,icn,statistical_yearof_crash,contrib_cause_prim,contrib_cause_prim_grouping,contrib_cause_sec,type_of_first_crash,traf_control_device,traf_control_device_cond,weather_cond,lighting_cond,ts_crash_latitude,ts_crash_longitude,crash_report_city,crash_injury_severity,is_injury,is_fatal_injury,crash_injury_severity_sort,crash_time_hour,crash_time_mins,is_holiday,is_intersection,is_hit_and_run,is_work_zone_related,is_all_insured,is_any_citation,crash_report_district,crash_report_region,intersection_streets,total_fatals,total_injured,crash_day_of_week,is_teen_driver_crash,is_pedestrain,is_pedalcyclist,is_traffic_signal,is_light_support,is_culvert,is_curb,is_cable_median_barrier,a_injury_crash_ind,b_injury_crash_ind,c_injury_crash_ind,o_injury_crash_ind,ka_crash_ind,kab_crash_ind,dooring_with_pedalcyclist,did_crash_occur_in_work_zone,urban,located_by,latitude,longitude
20186,202201020277,2022,Disregarding Traffic Signals,Disregarding Traffic Control,Failing to Yield Right of Way,Pedestrian,Traffic Signal,Functioning Properly,Clear,Darkness,41.87947159403628,-87.80472108967214,Oak Park,B-Non-incapacitating injury crash,Yes,No,2,18,28,No,No,No,Yes,Yes,No,District 1,Region 1,(N/A),0,1,Thu,No,Yes,No,No,No,No,No,No,0,1,0,0,0,1,No,No,Urban,Coordinate,41.8794716,-87.8047211
20357,202301286709,2023,Failing to Yield Right of Way,Other,Failing to Reduce Speed to Avoid Crash,Pedalcyclist,Traffic Signal,Functioning Properly,Cloudy/Overcast,Dusk,41.88323996995332,-87.80485176054204,Oak Park,B-Non-incapacitating injury crash,Yes,No,2,18,20,No,Yes,Yes,Yes,Yes,No,District 1,Region 1,Harlem/Randolph St,0,1,Thu,Yes,No,Yes,No,No,No,No,No,0,1,0,0,0,1,No,No,Urban,Coordinate,41.88324,-87.8048518
20786,202301289950,2023,Unable to Determine,Other,Unable to Determine,Pedestrian,No Controls,No Controls,Rain,Daylight,41.88174920223682,-87.7828928842926,Oak Park,B-Non-incapacitating injury crash,Yes,No,2,14,07,No,Yes,No,Yes,Yes,No,District 1,Region 1,Cuyler/Washington,0,1,Mon,No,Yes,No,No,No,No,No,No,0,1,0,0,0,1,No,No,Urban,Coordinate,41.8817492,-87.7828929
20787,202301290128,2023,Failing to Yield Right of Way,Other,Failing to Reduce Speed to Avoid Crash,Pedestrian,Traffic Signal,Functioning Properly,Rain,Daylight,41.909157365696885,-87.78334746207523,Oak Park,A-Incapacitating injury crash,Yes,No,1,17,16,No,Yes,Yes,Yes,Yes,No,District 1,Region 1,North Ave/Ridgeland Ave,0,1,Mon,No,Yes,No,No,No,No,No,No,1,0,0,0,1,1,No,No,Urban,Coordinate,41.9091574,-87.7833475
20932,202401131738,2024,Failing to Reduce Speed to Avoid Crash,Speed,Unable to Determine,Pedestrian,Traffic Signal,Functioning Properly,Clear,Daylight,41.88831996180035,-87.78468792960233,Oak Park,B-Non-incapacitating injury crash,Yes,No,2,09,55,No,Yes,No,Yes,Yes,No,District 1,Region 1,Lake St/N Ridgeland Ave,0,2,Mon,No,Yes,No,No,No,No,No,No,0,1,0,0,0,1,No,No,Urban,Coordinate,41.88832,-87.7846879
21003,202301081276,2023,Failing to Yield Right of Way,Other,Failing to Reduce Speed to Avoid Crash,Pedestrian,No Controls,No Controls,Rain,"Darkness, Lighted Road",41.89829060867833,-87.78500241434433,Oak Park,B-Non-incapacitating injury crash,Yes,No,2,20,08,No,No,No,Yes,Yes,Yes,District 1,Region 1,(N/A),0,1,Sat,No,Yes,No,No,No,No,No,No,0,1,0,0,0,1,No,No,Urban,Coordinate,41.8982906,-87.7850024
21012,202301083624,2023,Disregarding Traffic Signals,Disregarding Traffic Control,Failing to Reduce Speed to Avoid Crash,Pedestrian,Traffic Signal,Functioning Properly,Clear,"Darkness, Lighted Road",41.90902848057632,-87.79494830507251,Oak Park,K-Fatal crash,No,Yes,0,21,01,No,Yes,No,Yes,(UNK),Yes,District 1,Region 1,(UNK)/W North Ave,1,0,Mon,No,Yes,No,No,No,No,No,No,0,0,0,0,1,1,No,No,Urban,Coordinate,41.9090285,-87.7949483
21063,202001092608,2020,Under Influence of Alcohol/Drugs,Alcohol,Driving On Wrong Side/Wrong Way,Pedalcyclist,No Controls,Functioning Properly,Rain,Daylight,41.90007919399977,-87.80545463169496,Oak Park,A-Incapacitating injury crash,Yes,No,1,17,53,No,No,No,Yes,Yes,No,District 1,Region 1,(N/A),0,1,Sat,No,No,Yes,No,No,No,No,No,1,0,0,0,1,1,No,No,Urban,Coordinate,41.9000792,-87.8054546
21100,202301082394,2023,Failing to Yield Right of Way,Other,(N/A),Pedalcyclist,No Controls,No Controls,Clear,Daylight,41.88840255901374,-87.78795521853475,Oak Park,B-Non-incapacitating injury crash,Yes,No,2,07,49,No,No,No,Yes,Yes,No,District 1,Region 1,(N/A),0,1,Tue,No,No,Yes,No,No,No,No,No,0,1,0,0,0,1,No,No,Urban,Coordinate,41.8884026,-87.7879552
21226,202301419865,2023,Failing to Yield Right of Way,Other,(N/A),Pedestrian,Traffic Signal,Functioning Properly,Clear,Daylight,41.87971193683113,-87.79426976567007,Oak Park,B-Non-incapacitating injury crash,Yes,No,2,12,41,No,Yes,No,Yes,Yes,Yes,District 1,Region 1,Madison/Oak Park,0,1,Tue,No,Yes,No,No,No,No,No,No,0,1,0,0,0,1,No,No,Urban,Coordinate,41.8797119,-87.7942698
21402,202101067564,2021,Failing to Yield Right of Way,Other,(N/A),Pedestrian,Traffic Signal,Functioning Properly,Clear,Daylight,41.886600059774196,-87.80494231084114,Oak Park,"C-Injury reported, not evident crash",Yes,No,3,10,44,No,No,No,Yes,Yes,No,District 1,Region 1,(N/A),0,1,Wed,No,Yes,No,No,No,No,No,No,0,0,1,0,0,0,No,No,Urban,Coordinate,41.8866001,-87.8049423
21796,202101377143,2021,Failing to Yield Right of Way,Other,(N/A),Pedestrian,Traffic Signal,Functioning Properly,Clear,Daylight,41.88148971825291,-87.79991694012854,Oak Park,B-Non-incapacitating injury crash,Yes,No,2,08,57,No,Yes,No,Yes,Yes,Yes,District 1,Region 1,Home Ave/Washington Blvd,0,1,Mon,No,Yes,No,No,No,No,No,No,0,1,0,0,0,1,No,No,Urban,Coordinate,41.8814897,-87.7999169
21797,202101404588,2021,Improper Lane Usage,Other,Failing to Reduce Speed to Avoid Crash,Parked Motor Vehicle,No Controls,No Controls,Clear,"Darkness, Lighted Road",41.86742257073074,-87.77418545482388,Oak Park,K-Fatal crash,No,Yes,0,06,12,No,No,No,Yes,Yes,No,District 1,Region 1,(N/A),1,0,Sun,No,Yes,No,No,No,No,No,No,0,0,0,0,1,1,No,No,Urban,Coordinate,41.8674226,-87.7741855
21873,202101072565,2021,Disregarding Traffic Signals,Disregarding Traffic Control,Failing to Reduce Speed to Avoid Crash,Pedestrian,Traffic Signal,Functioning Properly,Clear,Darkness,41.87363287949182,-87.80451264104067,Oak Park,A-Incapacitating injury crash,Yes,No,1,21,22,No,Yes,No,Yes,Yes,Yes,District 1,Region 1,Harlem/I290,0,1,Mon,No,Yes,No,No,No,No,No,No,1,0,0,0,1,1,No,No,Urban,Coordinate,41.8736329,-87.8045126
21959,202301422896,2023,Failing to Yield Right of Way,Other,Failing to Reduce Speed to Avoid Crash,Pedestrian,Stop Sign,Functioning Properly,Rain,"Darkness, Lighted Road",41.88817089680445,-87.77980001724309,Oak Park,"C-Injury reported, not evident crash",Yes,No,3,18,19,No,Yes,No,Yes,Yes,Yes,District 1,Region 1,Lake St/N Lombard Ave,0,1,Thu,No,Yes,No,No,No,No,No,No,0,0,1,0,0,0,No,No,Urban,Coordinate,41.8881709,-87.7798
22050,202101073813,2021,Failing to Yield Right of Way,Other,Unable to Determine,Pedalcyclist,No Controls,No Controls,Clear,Daylight,41.908950695034065,-87.7833524803822,Oak Park,A-Incapacitating injury crash,Yes,No,1,10,57,No,No,No,Yes,Yes,Yes,District 1,Region 1,(N/A),0,1,Sat,No,No,Yes,No,No,No,No,No,1,0,0,0,1,1,No,No,Urban,Coordinate,41.9089507,-87.7833525
22211,202101075821,2021,Driving Skills/Knowledge/Experience,Other,Unable to Determine,Pedalcyclist,Traffic Signal,Functioning Properly,Clear,Daylight,41.901699999058955,-87.79485000057127,Oak Park,B-Non-incapacitating injury crash,Yes,No,2,16,15,No,Yes,No,Yes,Yes,No,District 1,Region 1,Division St/N Oak Park Ave,0,1,Mon,No,No,Yes,No,No,No,No,No,0,1,0,0,0,1,No,No,Urban,Coordinate,41.9017,-87.79485
22614,202101274392,2021,Failing to Yield Right of Way,Other,Failing to Reduce Speed to Avoid Crash,Pedalcyclist,Stop Sign,Functioning Properly,Cloudy/Overcast,Daylight,41.87618011978495,-87.78921593247792,Oak Park,B-Non-incapacitating injury crash,Yes,No,2,17,44,No,Yes,No,Yes,Yes,Yes,District 1,Region 1,Jackson Blvd/S East Ave,0,1,Tue,No,No,Yes,No,No,No,No,No,0,1,0,0,0,1,No,No,Urban,Coordinate,41.8761801,-87.7892159
22625,202101079723,2021,Failing to Yield Right of Way,Other,Driving Skills/Knowledge/Experience,Pedestrian,Traffic Signal,Functioning Properly,Blowing Snow,Daylight,41.89078442046736,-87.80511118811214,Oak Park,B-Non-incapacitating injury crash,Yes,No,2,13,00,No,Yes,No,Yes,Yes,No,District 1,Region 1,N Harlem Ave/Quick Ave,0,1,Mon,No,Yes,No,No,No,No,No,No,0,1,0,0,0,1,No,No,Urban,Coordinate,41.8907844,-87.8051112
22818,202301303359,2023,Failing to Yield Right of Way,Other,(N/A),Pedestrian,No Controls,Functioning Properly,Clear,Daylight,41.887333854367355,-87.79268318734898,Oak Park,B-Non-incapacitating injury crash,Yes,No,2,08,20,No,Yes,No,Yes,Yes,Yes,District 1,Region 1,N Euclid Ave/North Blvd,0,1,Thu,No,Yes,No,No,No,No,No,No,0,1,0,0,0,1,No,No,Urban,Coordinate,41.8873339,-87.7926832
23333,202001130246,2020,Disregarding Stop Sign,Disregarding Traffic Control,(N/A),Pedalcyclist,Stop Sign,Functioning Properly,Clear,Daylight,41.89802867844456,-87.79624117746238,Oak Park,A-Incapacitating injury crash,Yes,No,1,15,02,No,Yes,No,Yes,Yes,No,District 1,Region 1,Augusta St/N Grove Ave,0,1,Tue,No,No,Yes,No,No,No,No,No,1,0,0,0,1,1,No,No,Urban,Coordinate,41.8980287,-87.7962412
23408,202301306522,2023,Failing to Yield Right of Way,Other,Failing to Reduce Speed to Avoid Crash,Pedestrian,Stop Sign,Functioning Properly,Clear,Daylight,41.88338724568052,-87.79702497952864,Oak Park,B-Non-incapacitating injury crash,Yes,No,2,14,16,No,Yes,Yes,Yes,Yes,No,District 1,Region 1,Kenilworth/Randolph,0,1,Sat,No,Yes,No,No,No,No,No,No,0,1,0,0,0,1,No,No,Urban,Coordinate,41.8833872,-87.797025
23520,202101087884,2021,Driving Skills/Knowledge/Experience,Other,Unable to Determine,Pedalcyclist,No Controls,No Controls,Clear,Daylight,41.88818164215278,-87.78016669582198,Oak Park,B-Non-incapacitating injury crash,Yes,No,2,17,10,No,No,No,Yes,Yes,No,District 1,Region 1,(N/A),0,1,Wed,No,No,Yes,No,No,No,No,No,0,1,0,0,0,1,No,No,Urban,Coordinate,41.8881816,-87.7801667
23696,202101384153,2021,Failing to Yield Right of Way,Other,Failing to Reduce Speed to Avoid Crash,Pedestrian,Traffic Signal,Functioning Properly,Rain,Daylight,41.86532937889084,-87.7839699734481,Oak Park,0-Property damage crash,No,No,4,13,52,No,Yes,No,Yes,Yes,Yes,District 1,Region 1,Ridgeland Ave/Roosevelt Rd,0,0,Wed,Yes,Yes,No,No,No,No,No,No,0,0,0,1,0,0,No,No,Urban,Coordinate,41.8653294,-87.78397
23808,202301109317,2023,Failing to Yield Right of Way,Other,(N/A),Pedestrian,No Controls,No Controls,Clear,Daylight,41.880029061256934,-87.78283229454946,Oak Park,B-Non-incapacitating injury crash,Yes,No,2,17,24,No,Yes,No,Yes,Yes,No,District 1,Region 1,Cuyler Ave/Madison St,0,2,Mon,No,Yes,No,No,No,No,No,No,0,1,0,0,0,1,No,No,Urban,Coordinate,41.8800291,-87.7828323
23839,202101384239,2021,Failing to Yield Right of Way,Other,Failing to Reduce Speed to Avoid Crash,Pedestrian,Traffic Signal,Functioning Properly,Clear,Daylight,41.87993047994878,-87.7795319660184,Oak Park,B-Non-incapacitating injury crash,Yes,No,2,10,50,Yes,Yes,No,Yes,Yes,Yes,District 1,Region 1,Madison St/S Lombard Ave,0,1,Sun,No,Yes,No,No,No,No,No,No,0,1,0,0,0,1,No,No,Urban,Coordinate,41.8799305,-87.779532
23932,202101282083,2021,Failing to Yield Right of Way,Other,Unable to Determine,Pedestrian,Traffic Signal,Functioning Properly,Rain,Daylight,41.888639999236155,-87.79451000154629,Oak Park,B-Non-incapacitating injury crash,Yes,No,2,14,57,No,Yes,No,Yes,Yes,No,District 1,Region 1,Lake St/N Oak Park Ave,0,1,Tue,No,Yes,No,No,No,No,No,No,0,1,0,0,0,1,No,No,Urban,Coordinate,41.88864,-87.79451
24075,202101385457,2021,Failing to Yield Right of Way,Other,Unable to Determine,Pedestrian,Pedestrian Crossing Sign,Functioning Properly,Cloudy/Overcast,"Darkness, Lighted Road",41.894709999284366,-87.77515000066613,Oak Park,B-Non-incapacitating injury crash,Yes,No,2,19,10,No,Yes,Yes,Yes,Yes,No,District 1,Region 1,Chicago Ave/N Austin Blvd,0,1,Mon,No,Yes,No,No,No,No,No,No,0,1,0,0,0,1,No,No,Urban,Coordinate,41.89471,-87.77515
24467,202101097774,2021,"Evasive Action Due to Animal, Object, Non-Motorist",Other,(N/A),Front to Rear,Other,Functioning Properly,Clear,"Darkness, Lighted Road",41.8721692466743,-87.7901671514295,Oak Park,B-Non-incapacitating injury crash,Yes,No,2,04,58,No,No,No,Yes,Yes,No,District 1,Region 1,(N/A),0,3,Sun,No,Yes,No,No,No,No,No,No,0,1,0,0,0,1,No,No,Urban,Coordinate,41.8721692,-87.7901672
24473,202301312958,2023,Failing to Yield Right of Way,Other,Failing to Reduce Speed to Avoid Crash,Pedestrian,Stop Sign,Functioning Properly,Cloudy/Overcast,Daylight,41.8706299684003,-87.793927131743,Oak Park,B-Non-incapacitating injury crash,Yes,No,2,15,37,No,No,No,Yes,Yes,Yes,District 1,Region 1,(N/A),0,1,Fri,No,Yes,No,No,No,No,No,No,0,1,0,0,0,1,No,No,Urban,Coordinate,41.87063,-87.7939271
24476,202301313084,2023,Failing to Yield Right of Way,Other,Failing to Reduce Speed to Avoid Crash,Pedestrian,Other Warning Sign,Functioning Properly,Clear,Daylight,41.87974764981838,-87.79533161771143,Oak Park,B-Non-incapacitating injury crash,Yes,No,2,18,06,No,No,Yes,Yes,Yes,No,District 1,Region 1,(N/A),0,1,Sat,Yes,Yes,No,No,No,No,No,No,0,1,0,0,0,1,No,No,Urban,Coordinate,41.8797477,-87.7953316
24491,202001148259,2020,Unable to Determine,Other,Unable to Determine,Pedalcyclist,No Controls,No Controls,Clear,Daylight,41.8865542498171,-87.80494032903913,Oak Park,B-Non-incapacitating injury crash,Yes,No,2,16,19,No,Yes,No,Yes,Yes,No,District 1,Region 1,(UNK)/Circle,0,1,Tue,Yes,No,Yes,No,No,No,No,No,0,1,0,0,0,1,No,No,Urban,Coordinate,41.8865543,-87.8049403
24590,202101386930,2021,Failing to Reduce Speed to Avoid Crash,Speed,Disregarding Stop Sign,Pedestrian,No Controls,No Controls,Clear,Darkness,41.90919954553265,-87.7795022575747,Oak Park,A-Incapacitating injury crash,Yes,No,1,06,29,No,No,Yes,Yes,Yes,No,District 1,Region 1,(N/A),0,1,Tue,No,Yes,No,No,No,No,No,No,1,0,0,0,1,1,No,No,Urban,Coordinate,41.9091995,-87.7795023
24591,202101386933,2021,Failing to Yield Right of Way,Other,Unable to Determine,Pedalcyclist,Stop Sign,Functioning Properly,Clear,"Darkness, Lighted Road",41.88331982047393,-87.79997873542165,Oak Park,"C-Injury reported, not evident crash",Yes,No,3,16,35,No,Yes,No,Yes,Yes,Yes,District 1,Region 1,Home Ave/Randolph St,0,1,Tue,No,No,Yes,No,No,No,No,No,0,0,1,0,0,0,No,No,Urban,Coordinate,41.8833198,-87.7999787
24614,202001149845,2020,Disregarding Stop Sign,Disregarding Traffic Control,Unable to Determine,Pedalcyclist,Stop Sign,Functioning Properly,Clear,Daylight,41.89800897221623,-87.79778110004513,Oak Park,A-Incapacitating injury crash,Yes,No,1,17,56,No,Yes,No,Yes,Yes,No,District 1,Region 1,Augusta St/N Kenilworth Ave,0,1,Sun,Yes,No,Yes,No,No,No,No,No,1,0,0,0,1,1,No,No,Urban,Coordinate,41.898009,-87.7977811
24769,202001152295,2020,Failing to Reduce Speed to Avoid Crash,Speed,(N/A),Pedalcyclist,Other Regualtory Sig,Functioning Properly,Clear,Daylight,41.8983129592308,-87.77769318321856,Oak Park,B-Non-incapacitating injury crash,Yes,No,2,17,35,No,Yes,No,Yes,Yes,Yes,District 1,Region 1,Augusta Blvd/Taylor,0,1,Fri,No,No,Yes,No,No,No,No,No,0,1,0,0,0,1,No,No,Urban,Coordinate,41.898313,-87.7776932
24870,202101102243,2021,Failing to Reduce Speed to Avoid Crash,Speed,Unable to Determine,Pedestrian,Traffic Signal,Functioning Properly,Clear,"Darkness, Lighted Road",41.873633716387154,-87.80451953806083,Oak Park,B-Non-incapacitating injury crash,Yes,No,2,03,22,No,Yes,Yes,Yes,Yes,No,District 1,Region 1,Expressway/Harlem Ave,0,1,Sat,No,Yes,No,No,No,No,No,No,0,1,0,0,0,1,No,No,Urban,Coordinate,41.8736337,-87.8045195
24938,202001155519,2020,Driving Skills/Knowledge/Experience,Other,Driving Skills/Knowledge/Experience,Pedestrian,Pedestrian Crossing Sign,Functioning Properly,Rain,"Darkness, Lighted Road",41.88153978337433,-87.79696705300636,Oak Park,B-Non-incapacitating injury crash,Yes,No,2,21,13,No,Yes,No,Yes,Yes,Yes,District 1,Region 1,S Kenilworth Ave/Washington Blvd,0,1,Mon,No,Yes,No,No,No,No,No,No,0,1,0,0,0,1,No,No,Urban,Coordinate,41.8815398,-87.7969671
25005,202301120303,2023,Failing to Reduce Speed to Avoid Crash,Speed,(N/A),Pedalcyclist,Stop Sign,Functioning Properly,Clear,Daylight,41.89452003719023,-87.78812017571695,Oak Park,B-Non-incapacitating injury crash,Yes,No,2,08,05,No,Yes,Yes,Yes,Yes,No,District 1,Region 1,Chicago Ave/Fair Oaks,0,1,Thu,Yes,No,Yes,No,No,No,No,No,0,1,0,0,0,1,No,No,Urban,Coordinate,41.89452,-87.7881202
25111,202001157618,2020,Improper Turning/No Signal,Other,Driving Skills/Knowledge/Experience,Pedalcyclist,Traffic Signal,Functioning Properly,Clear,Daylight,41.88503064124446,-87.79441000098105,Oak Park,B-Non-incapacitating injury crash,Yes,No,2,12,36,No,Yes,No,Yes,Yes,Yes,District 1,Region 1,Pleasant St/S Oak Park Ave,0,1,Wed,No,No,Yes,No,No,No,No,No,0,1,0,0,0,1,No,No,Urban,Coordinate,41.8850306,-87.79441
25420,202201112543,2022,Failing to Yield Right of Way,Other,Failing to Reduce Speed to Avoid Crash,Pedestrian,No Controls,No Controls,Cloudy/Overcast,Daylight,41.879855884555276,-87.79180702979475,Oak Park,B-Non-incapacitating injury crash,Yes,No,2,15,17,No,Yes,No,Yes,Yes,Yes,District 1,Region 1,Madison St/Wesley Ave,0,1,Thu,Yes,Yes,No,No,No,No,No,No,0,1,0,0,0,1,No,No,Urban,Coordinate,41.8798559,-87.791807
25421,202201112545,2022,Failing to Yield Right of Way,Other,Unable to Determine,Pedestrian,Pedestrian Crossing Sign,Functioning Properly,Freezing Rain or Freezing Drizzle,Daylight,41.908911463096985,-87.80053399592427,Oak Park,B-Non-incapacitating injury crash,Yes,No,2,17,02,No,Yes,Yes,Yes,Yes,No,District 1,Region 1,North Av/Woodbine,0,2,Thu,No,Yes,No,No,No,No,No,No,0,1,0,0,0,1,No,No,Urban,Coordinate,41.9089115,-87.800534
25475,202401172617,2024,Failing to Yield Right of Way,Other,(N/A),Pedestrian,No Controls,No Controls,Clear,Daylight,41.87470170457898,-87.79968480679871,Oak Park,"C-Injury reported, not evident crash",Yes,No,3,15,56,No,No,No,Yes,Yes,No,District 1,Region 1,(N/A),0,1,Fri,No,Yes,No,No,No,No,No,No,0,0,1,0,0,0,No,No,Urban,Coordinate,41.8747017,-87.7996848
25476,202401172626,2024,Failing to Yield Right of Way,Other,Failing to Reduce Speed to Avoid Crash,Pedestrian,Stop Sign,Functioning Properly,Rain,Daylight,41.89017005133746,-87.79753855424487,Oak Park,B-Non-incapacitating injury crash,Yes,No,2,15,04,No,Yes,No,Yes,Yes,Yes,District 1,Region 1,N Kenilworth Ave/Ontario St,0,1,Sat,No,Yes,No,No,No,No,No,No,0,1,0,0,0,1,No,No,Urban,Coordinate,41.8901701,-87.7975386
25722,202201123464,2022,Driving Skills/Knowledge/Experience,Other,Unable to Determine,Pedalcyclist,No Controls,No Controls,Rain,"Darkness, Lighted Road",41.86881240676743,-87.79387059261217,Oak Park,B-Non-incapacitating injury crash,Yes,No,2,21,14,No,No,Yes,Yes,Yes,No,District 1,Region 1,(N/A),0,1,Wed,No,No,Yes,No,No,No,No,No,0,1,0,0,0,1,No,No,Urban,Coordinate,41.8688124,-87.7938706
25894,202201128855,2022,Failing to Reduce Speed to Avoid Crash,Speed,(N/A),Pedestrian,No Controls,No Controls,Rain,Daylight,41.86705099493389,-87.7766239558886,Oak Park,A-Incapacitating injury crash,Yes,No,1,12,10,No,No,No,Yes,Yes,Yes,District 1,Region 1,(N/A),0,1,Sun,No,Yes,No,No,No,No,No,No,1,0,0,0,1,1,No,No,Urban,Coordinate,41.867051,-87.776624
26229,202401191512,2024,Failing to Yield Right of Way,Other,Improper Lane Usage,Pedalcyclist,Traffic Signal,Functioning Properly,Clear,Dusk,41.86502046851911,-87.8042100158194,Oak Park,B-Non-incapacitating injury crash,Yes,No,2,19,46,No,Yes,No,Yes,Yes,Yes,District 1,Region 1,Roosevelt Rd/S Harlem Ave,0,1,Fri,No,No,Yes,No,No,No,No,No,0,1,0,0,0,1,No,No,Urban,Coordinate,41.8650205,-87.80421
26321,202201144769,2022,(N/A),Other,(N/A),Pedestrian,No Controls,No Controls,Rain,Daylight,41.88328399646644,-87.798507106214,Oak Park,B-Non-incapacitating injury crash,Yes,No,2,15,34,No,No,No,Yes,Yes,No,District 1,Region 1,(N/A),0,1,Fri,No,Yes,No,No,No,No,No,No,0,1,0,0,0,1,No,No,Urban,Coordinate,41.883284,-87.7985071