objectid,icn,statistical_yearof_crash,contrib_cause_prim,contrib_cause_prim_grouping,contrib_cause_sec,type_of_first_crash,traf_control_device,traf_control_device_cond,weather_cond,lighting_cond,ts_crash_latitude,ts_crash_longitude,crash_report_city,crash_injury_severity,is_injury,is_fatal_injury,crash_injury_severity_sort,crash_time_hour,crash_time_mins,is_holiday,is_intersection,is_hit_and_run,is_work_zone_related,is_all_insured,is_any_citation,crash_report_district,crash_report_region,intersection_streets,total_fatals,total_injured,crash_day_of_week,is_teen_driver_crash,is_pedestrain,is_pedalcyclist,is_traffic_signal,is_light_support,is_culvert,is_curb,is_cable_median_barrier,a_injury_crash_ind,b_injury_crash_ind,c_injury_crash_ind,o_injury_crash_ind,ka_crash_ind,kab_crash_ind,dooring_with_pedalcyclist,did_crash_occur_in_work_zone,urban,located_by,latitude,longitude
26442,202201149153,2022,Improper Lane Usage,Other,Failing to Reduce Speed to Avoid Crash,Parked Motor Vehicle,Other,Functioning Properly,Clear,"Darkness, Lighted Road",41.87094680188171,-87.77447175809225,Oak Park,A-Incapacitating injury crash,Yes,No,1,00,26,No,No,Yes,Yes,Yes,Yes,District 1,Region 1,(N/A),0,1,Sun,No,Yes,No,No,No,No,No,No,1,0,0,0,1,1,No,No,Urban,Coordinate,41.8709468,-87.7744718
26600,202201155913,2022,Failing to Reduce Speed to Avoid Crash,Speed,(N/A),Pedalcyclist,Stop Sign,Functioning Properly,Clear,Daylight,41.875409872237,-87.79972867139907,Oak Park,B-Non-incapacitating injury crash,Yes,No,2,07,44,No,Yes,Yes,Yes,Yes,Yes,District 1,Region 1,Home Ave/Jackson Blvd,0,1,Mon,No,No,Yes,No,No,No,No,No,0,1,0,0,0,1,No,No,Urban,Coordinate,41.8754099,-87.7997287
26601,202201155919,2022,Failing to Yield Right of Way,Other,Disregarding Other Traffic Signs,Pedalcyclist,Traffic Signal,Functioning Properly,Clear,Daylight,41.888559999096806,-87.80502000068114,Oak Park,B-Non-incapacitating injury crash,Yes,No,2,16,44,No,Yes,No,No,Yes,Yes,District 1,Region 1,Lake St/N Harlem Ave,0,1,Mon,Yes,No,Yes,No,No,No,No,No,0,1,0,0,0,1,No,No,Urban,Coordinate,41.88856,-87.80502
26618,202401200812,2024,Failing to Yield Right of Way,Other,(N/A),Pedestrian,Flashing Control Signal,Functioning Properly,Clear,Daylight,41.888559999096806,-87.80502000068114,Oak Park,A-Incapacitating injury crash,Yes,No,1,18,45,No,Yes,No,Yes,Yes,Yes,District 1,Region 1,Lake St/N Harlem Ave,0,1,Mon,No,Yes,No,No,No,No,No,No,1,0,0,0,1,1,No,No,Urban,Coordinate,41.88856,-87.80502
26996,202201170738,2022,Disregarding Stop Sign,Disregarding Traffic Control,Unable to Determine,Pedalcyclist,Stop Sign,Functioning Properly,Clear,Daylight,41.88842012229782,-87.78795503042845,Oak Park,B-Non-incapacitating injury crash,Yes,No,2,13,50,No,Yes,No,Yes,Yes,Yes,District 1,Region 1,Lake St/N Scoville Ave,0,1,Tue,Yes,No,Yes,No,No,No,No,No,0,1,0,0,0,1,No,No,Urban,Coordinate,41.8884201,-87.787955
27084,202201173269,2022,Turning Right On Red,Other,Failing to Yield Right of Way,Pedestrian,Traffic Signal,Functioning Properly,Clear,Daylight,41.87961941345,-87.8023222782763,Oak Park,A-Incapacitating injury crash,Yes,No,1,09,50,No,Yes,Yes,Yes,Yes,No,District 1,Region 1,Madison St/Wisconsin Ave,0,1,Tue,No,Yes,No,No,No,No,No,No,1,0,0,0,1,1,No,No,Urban,Coordinate,41.8796194,-87.8023223
27178,202201175899,2022,Failing to Reduce Speed to Avoid Crash,Speed,Failing to Yield Right of Way,Pedestrian,Traffic Signal,Functioning Properly,Clear,"Darkness, Lighted Road",41.87366192802351,-87.80321763603025,Oak Park,A-Incapacitating injury crash,Yes,No,1,20,49,Yes,No,Yes,Yes,Yes,No,District 1,Region 1,(N/A),0,1,Sun,No,Yes,No,No,No,No,No,No,1,0,0,0,1,1,No,No,Urban,Coordinate,41.8736619,-87.8032176
27362,202201181517,2022,Failing to Reduce Speed to Avoid Crash,Speed,Improper Lane Usage,Pedalcyclist,No Controls,No Controls,Clear,Daylight,41.87612679420639,-87.79294837426048,Oak Park,A-Incapacitating injury crash,Yes,No,1,12,42,Yes,No,Yes,Yes,Yes,Yes,District 1,Region 1,(N/A),0,1,Sat,No,No,Yes,No,No,No,No,No,1,0,0,0,1,1,No,No,Urban,Coordinate,41.8761268,-87.7929484
27365,202201181581,2022,Unable to Determine,Other,Unable to Determine,Parked Motor Vehicle,No Controls,No Controls,Clear,Daylight,41.879894172662574,-87.7895293166942,Oak Park,"C-Injury reported, not evident crash",Yes,No,3,17,24,No,No,Yes,Yes,Yes,No,District 1,Region 1,(N/A),0,1,Fri,No,Yes,No,No,No,No,No,No,0,0,1,0,0,0,No,No,Urban,Coordinate,41.8798942,-87.7895293
27830,202401225441,2024,Improper Lane Usage,Other,Driving Skills/Knowledge/Experience,Pedalcyclist,No Controls,No Controls,Clear,Daylight,41.89791666413566,-87.80201507176878,Oak Park,B-Non-incapacitating injury crash,Yes,No,2,14,42,No,Yes,No,Yes,Yes,No,District 1,Region 1,Augusta St/Belleforte Ave,0,1,Mon,Yes,No,Yes,No,No,No,No,No,0,1,0,0,0,1,No,No,Urban,Coordinate,41.8979167,-87.8020151
27963,202201199148,2022,Failing to Yield Right of Way,Other,Failing to Yield Right of Way,Pedalcyclist,Stop Sign,Not Functioning,Clear,Daylight,41.87618019675591,-87.7892100233182,Oak Park,"C-Injury reported, not evident crash",Yes,No,3,08,22,No,Yes,No,Yes,Yes,No,District 1,Region 1,East Ave/Jackson Blvd,0,1,Thu,No,No,Yes,No,No,No,No,No,0,0,1,0,0,0,No,No,Urban,Coordinate,41.8761802,-87.78921
28102,202201204293,2022,Vision Obscured,Other,(N/A),Pedestrian,Traffic Signal,Unknown,Clear,Daylight,41.908775715474604,-87.80577698114948,Oak Park,B-Non-incapacitating injury crash,Yes,No,2,19,35,No,Yes,No,Yes,Yes,No,District 1,Region 1,N Harlem/North Ave,0,1,Fri,Yes,Yes,No,No,No,No,No,No,0,1,0,0,0,1,No,No,Urban,Coordinate,41.9087757,-87.805777
28115,202401231293,2024,Failing to Reduce Speed to Avoid Crash,Speed,Unable to Determine,Pedalcyclist,No Controls,No Controls,Clear,Daylight,41.88,-87.80173,Oak Park,0-Property damage crash,No,No,4,14,09,No,No,No,Yes,Yes,No,District 1,Region 1,(N/A),0,0,Thu,No,No,Yes,No,No,No,No,No,0,0,0,1,0,0,No,No,Rural,Coordinate,41.88,-87.80173
28170,202401232011,2024,Failing to Yield Right of Way,Other,(N/A),Pedestrian,Traffic Signal,Functioning Properly,Clear,Daylight,41.89424,-87.80286,Oak Park,B-Non-incapacitating injury crash,Yes,No,2,17,54,No,Yes,No,Yes,Yes,Yes,District 1,Region 1,Chicago Ave/N Marion St,0,1,Thu,No,Yes,No,No,No,No,No,No,0,1,0,0,0,1,No,No,Urban,Coordinate,41.89424,-87.80286
28339,202401235890,2024,Failing to Yield Right of Way,Other,Failing to Reduce Speed to Avoid Crash,Pedalcyclist,Stop Sign,Functioning Properly,Clear,Daylight,41.87637,-87.77573,Oak Park,0-Property damage crash,No,No,4,08,03,No,Yes,No,Yes,Yes,No,District 1,Region 1,Jackson Blvd/S Humphrey Ave,0,0,Thu,No,No,Yes,No,No,No,No,No,0,0,0,1,0,0,No,No,Urban,Coordinate,41.87637,-87.77573
28525,202401239883,2024,Improper Lane Usage,Other,Failing to Reduce Speed to Avoid Crash,Pedalcyclist,No Controls,No Controls,Clear,Daylight,41.88718,-87.80244,Oak Park,0-Property damage crash,No,No,4,14,12,No,Yes,No,Yes,Yes,No,District 1,Region 1,N Marion St/North Blvd,0,0,Fri,No,No,Yes,No,No,No,No,No,0,0,0,1,0,0,No,No,Urban,Coordinate,41.88718,-87.80244
28526,202401239927,2024,Improper Lane Usage,Other,Failing to Reduce Speed to Avoid Crash,Pedalcyclist,No Controls,No Controls,Clear,"Darkness, Lighted Road",41.8781673785665,-87.80465965973595,Oak Park,A-Incapacitating injury crash,Yes,No,1,21,48,No,No,No,Yes,Yes,Yes,District 1,Region 1,(N/A),0,1,Sat,No,No,Yes,No,No,No,No,No,1,0,0,0,1,1,No,No,Urban,Coordinate,41.8781674,-87.8046597
28602,202201220129,2022,Failing to Yield Right of Way,Other,Failing to Reduce Speed to Avoid Crash,Pedestrian,No Controls,No Controls,Clear,Daylight,41.87984866787233,-87.78600710247774,Oak Park,B-Non-incapacitating injury crash,Yes,No,2,13,04,No,No,No,Yes,Yes,No,District 1,Region 1,(N/A),0,1,Mon,No,Yes,No,No,No,No,No,No,0,1,0,0,0,1,No,No,Urban,Coordinate,41.8798487,-87.7860071
28845,202201227729,2022,Failing to Yield Right of Way,Other,Failing to Reduce Speed to Avoid Crash,Pedalcyclist,Stop Sign,Functioning Properly,Cloudy/Overcast,Daylight,41.89800733211457,-87.79778105041771,Oak Park,B-Non-incapacitating injury crash,Yes,No,2,12,07,No,Yes,No,Yes,Yes,Yes,District 1,Region 1,Augusta St/N Kenilworth Ave,0,1,Thu,No,No,Yes,No,No,No,No,No,0,1,0,0,0,1,No,No,Urban,Coordinate,41.8980073,-87.797781
29103,202201235136,2022,Failing to Reduce Speed to Avoid Crash,Speed,Failing to Yield Right of Way,Pedestrian,No Controls,No Controls,Clear,"Darkness, Lighted Road",41.87035913689186,-87.77919339770814,Oak Park,A-Incapacitating injury crash,Yes,No,1,22,49,No,No,No,Yes,Yes,Yes,District 1,Region 1,(N/A),0,1,Tue,No,Yes,No,No,No,No,No,No,1,0,0,0,1,1,No,No,Urban,Coordinate,41.8703591,-87.7791934
29419,202401257650,2024,Failing to Yield Right of Way,Other,Failing to Reduce Speed to Avoid Crash,Pedalcyclist,No Controls,Functioning Properly,Clear,Daylight,41.90722,-87.78871,Oak Park,B-Non-incapacitating injury crash,Yes,No,2,08,48,No,Yes,No,Yes,Yes,No,District 1,Region 1,Fair Oaks Ave/Le Moyne Pkwy,0,1,Tue,No,No,Yes,No,No,No,No,No,0,1,0,0,0,1,No,No,Urban,Coordinate,41.90722,-87.78871
29634,202401260791,2024,Failing to Yield Right of Way,Other,Unable to Determine,Pedalcyclist,No Controls,No Controls,Unknown,Unknown,41.89465774639204,-87.77844186853815,Oak Park,B-Non-incapacitating injury crash,Yes,No,2,17,30,No,No,Yes,Yes,Yes,No,District 1,Region 1,(N/A),0,1,Thu,Yes,No,Yes,No,No,No,No,No,0,1,0,0,0,1,No,No,Urban,Coordinate,41.8946577,-87.7784419
30035,202401267814,2024,Unable to Determine,Other,Unable to Determine,Pedestrian,No Controls,No Controls,Clear,"Darkness, Lighted Road",41.88715,-87.80238,Oak Park,B-Non-incapacitating injury crash,Yes,No,2,20,37,No,No,No,Yes,Yes,Yes,District 1,Region 1,(N/A),0,1,Thu,No,Yes,No,No,No,No,No,No,0,1,0,0,0,1,No,No,Urban,Coordinate,41.88715,-87.80238
30143,202201264942,2022,Failing to Reduce Speed to Avoid Crash,Speed,(N/A),Pedalcyclist,Traffic Signal,Functioning Properly,Clear,"Darkness, Lighted Road",41.86881239883796,-87.79387102066818,Oak Park,B-Non-incapacitating injury crash,Yes,No,2,20,34,No,Yes,No,Yes,Yes,Yes,District 1,Region 1,Harvard St/S Oak Park Ave,0,1,Fri,No,No,Yes,No,No,No,No,No,0,1,0,0,0,1,No,No,Urban,Coordinate,41.8688124,-87.793871
30501,202401277793,2024,(N/A),Other,(N/A),Pedalcyclist,Traffic Signal,Functioning Properly,Clear,Daylight,41.909170008333284,-87.78190322746191,Oak Park,B-Non-incapacitating injury crash,Yes,No,2,21,43,No,No,Yes,Yes,Yes,No,District 1,Region 1,(N/A),0,1,Thu,No,No,Yes,No,No,No,No,No,0,1,0,0,0,1,No,No,Urban,Coordinate,41.90917,-87.7819032
30533,202201275915,2022,Failing to Yield Right of Way,Other,Unable to Determine,Pedalcyclist,No Controls,No Controls,Clear,Daylight,41.90378658444084,-87.78417042267202,Oak Park,B-Non-incapacitating injury crash,Yes,No,2,09,31,No,Yes,No,Yes,Yes,Yes,District 1,Region 1,Berkshire St/N Ridgeland Ave,0,1,Mon,Yes,No,Yes,No,No,No,No,No,0,1,0,0,0,1,No,No,Urban,Coordinate,41.9037866,-87.7841704
30534,202201275949,2022,Failing to Yield Right of Way,Other,Unable to Determine,Pedalcyclist,No Controls,No Controls,Clear,Dusk,41.88692245172246,-87.78138707095286,Oak Park,B-Non-incapacitating injury crash,Yes,No,2,18,57,No,No,No,Yes,Yes,No,District 1,Region 1,(N/A),0,1,Mon,No,No,Yes,No,No,No,No,No,0,1,0,0,0,1,No,No,Urban,Coordinate,41.8869225,-87.7813871
31098,202201291640,2022,Failing to Yield Right of Way,Other,Failing to Reduce Speed to Avoid Crash,Pedestrian,Traffic Signal,Functioning Properly,Cloudy/Overcast,"Darkness, Lighted Road",41.888590862046925,-87.79269191374756,Oak Park,B-Non-incapacitating injury crash,Yes,No,2,19,25,No,Yes,Yes,Yes,Yes,No,District 1,Region 1,Lake St/N Euclid Ave,0,1,Fri,No,Yes,No,No,No,No,No,No,0,1,0,0,0,1,No,No,Urban,Coordinate,41.8885909,-87.7926919
31254,202201295522,2022,Failing to Yield Right of Way,Other,(N/A),Pedestrian,No Controls,No Controls,Clear,Dusk,41.89808223503069,-87.79282350148712,Oak Park,B-Non-incapacitating injury crash,Yes,No,2,18,31,No,No,No,Yes,Yes,No,District 1,Region 1,(N/A),0,1,Thu,No,Yes,No,No,No,No,No,No,0,1,0,0,0,1,No,No,Urban,Coordinate,41.8980822,-87.7928235
31534,202201302957,2022,Failing to Yield Right of Way,Other,Unable to Determine,Pedalcyclist,No Controls,No Controls,Clear,Daylight,41.90191189105324,-87.78135264423156,Oak Park,B-Non-incapacitating injury crash,Yes,No,2,08,59,No,Yes,No,Yes,Yes,Yes,District 1,Region 1,Division St/Mapleton Ave,0,1,Wed,No,No,Yes,No,No,No,No,No,0,1,0,0,0,1,No,No,Urban,Coordinate,41.9019119,-87.7813526
31574,202201304140,2022,Improper Overtaking/Passing,Other,Failing to Reduce Speed to Avoid Crash,Pedalcyclist,Stop Sign,Functioning Properly,Clear,Daylight,41.87618019386425,-87.7892102192197,Oak Park,B-Non-incapacitating injury crash,Yes,No,2,15,18,No,Yes,Yes,Yes,Yes,No,District 1,Region 1,Jackson Blvd/S East Ave,0,1,Mon,No,No,Yes,No,No,No,No,No,0,1,0,0,0,1,No,No,Urban,Coordinate,41.8761802,-87.7892102
31650,202401304084,2024,Failing to Yield Right of Way,Other,Failing to Reduce Speed to Avoid Crash,Pedalcyclist,Pedestrian Crossing Sign,Functioning Properly,Clear,Daylight,41.89452006235924,-87.78812110110555,Oak Park,"C-Injury reported, not evident crash",Yes,No,3,15,29,No,No,Yes,No,Yes,No,District 1,Region 1,(N/A),0,1,Mon,No,No,Yes,No,No,No,No,No,0,0,1,0,0,0,No,No,Urban,Coordinate,41.8945201,-87.7881211
31675,202201307145,2022,Driving Skills/Knowledge/Experience,Other,Driving Skills/Knowledge/Experience,Pedalcyclist,Stop Sign,Functioning Properly,Rain,"Darkness, Lighted Road",41.899711577019424,-87.80391826133716,Oak Park,B-Non-incapacitating injury crash,Yes,No,2,20,42,No,Yes,No,Yes,Yes,Yes,District 1,Region 1,N Marion St/Thomas St,0,1,Sun,Yes,No,Yes,No,No,No,No,No,0,1,0,0,0,1,No,No,Urban,Coordinate,41.8997116,-87.8039183
31982,202401303146,2024,Failing to Yield Right of Way,Other,Disregarding Stop Sign,Pedalcyclist,Stop Sign,Functioning Properly,Clear,"Darkness, Lighted Road",41.899749838158996,-87.79237089485179,Oak Park,A-Incapacitating injury crash,Yes,No,1,21,13,No,Yes,No,Yes,Yes,No,District 1,Region 1,Linden Ave/Thomas St,0,3,Fri,Yes,No,Yes,No,No,No,No,No,1,0,0,0,1,1,No,No,Urban,Coordinate,41.8997498,-87.7923709
32239,202401308089,2024,Failing to Reduce Speed to Avoid Crash,Speed,Failing to Yield Right of Way,Pedestrian,Stop Sign,Functioning Properly,Cloudy/Overcast,"Darkness, Lighted Road",41.87056,-87.79784,Oak Park,A-Incapacitating injury crash,Yes,No,1,19,31,No,Yes,No,Yes,Yes,Yes,District 1,Region 1,Clinton Ave/Lexington St,0,1,Tue,No,Yes,No,No,No,No,No,No,1,0,0,0,1,1,No,No,Urban,Coordinate,41.87056,-87.79784
32240,202401308158,2024,Unable to Determine,Other,Unable to Determine,Pedestrian,Traffic Signal,Functioning Properly,Rain,Dawn,41.88155,-87.79427,Oak Park,"C-Injury reported, not evident crash",Yes,No,3,06,39,No,Yes,No,Yes,Yes,Yes,District 1,Region 1,S Oak Park Ave/Washington Blvd,0,1,Tue,No,Yes,No,No,No,No,No,No,0,0,1,0,0,0,No,No,Urban,Coordinate,41.88155,-87.79427
32290,202201324053,2022,Failing to Yield Right of Way,Other,(N/A),Pedalcyclist,Stop Sign,Functioning Properly,Clear,Daylight,41.88676529467582,-87.80248481021417,Oak Park,A-Incapacitating injury crash,Yes,No,1,16,20,No,Yes,No,Yes,Yes,No,District 1,Region 1,S Marion St/South Blvd,0,1,Fri,No,No,Yes,No,No,No,No,No,1,0,0,0,1,1,No,No,Urban,Coordinate,41.8867653,-87.8024848
32359,202201325661,2022,Failing to Yield Right of Way,Other,Driving Skills/Knowledge/Experience,Pedalcyclist,Stop Sign,Functioning Properly,Clear,Daylight,41.89817362626566,-87.78825445768253,Oak Park,B-Non-incapacitating injury crash,Yes,No,2,15,32,No,Yes,No,Yes,Yes,No,District 1,Region 1,Augusta St/Fair Oaks Ave,0,2,Thu,No,No,Yes,No,No,No,No,No,0,1,0,0,0,1,No,No,Urban,Coordinate,41.8981736,-87.7882545
32473,202401312250,2024,Failing to Yield Right of Way,Other,(N/A),Pedalcyclist,Traffic Signal,Functioning Properly,Clear,Daylight,41.89055001440769,-87.80510884505141,Oak Park,"C-Injury reported, not evident crash",Yes,No,3,08,04,No,Yes,No,Yes,Yes,Yes,District 1,Region 1,Harlem Ave/Ontario St,0,1,Thu,No,No,Yes,No,No,No,No,No,0,0,1,0,0,0,No,No,Urban,Coordinate,41.89055,-87.8051088
32533,202201330448,2022,Failing to Yield Right of Way,Other,(N/A),Pedestrian,Traffic Signal,Functioning Properly,Clear,"Darkness, Lighted Road",41.88157924430205,-87.79432997694069,Oak Park,B-Non-incapacitating injury crash,Yes,No,2,20,35,No,Yes,No,Yes,Yes,Yes,District 1,Region 1,(UNK)/S Oak Park Ave,0,1,Thu,No,Yes,No,No,No,No,No,No,0,1,0,0,0,1,No,No,Urban,Coordinate,41.8815792,-87.79433
32592,202401315313,2024,Unable to Determine,Other,Unable to Determine,Pedalcyclist,No Controls,No Controls,Cloudy/Overcast,Daylight,41.879749984929205,-87.79539958728228,Oak Park,"C-Injury reported, not evident crash",Yes,No,3,16,35,No,Yes,No,Yes,Yes,Yes,District 1,Region 1,Madison St/S Grove Ave,0,1,Fri,No,No,Yes,No,No,No,No,No,0,0,1,0,0,0,No,No,Urban,Coordinate,41.87975,-87.7953996
32914,202401322956,2024,Unable to Determine,Other,(N/A),Pedestrian,Traffic Signal,Functioning Properly,Clear,"Darkness, Lighted Road",41.87104997419413,-87.77428959936309,Oak Park,B-Non-incapacitating injury crash,Yes,No,2,23,30,No,Yes,No,Yes,Yes,No,District 1,Region 1,(UNK)/S Austin Blvd,0,1,Wed,No,Yes,No,No,No,No,No,No,0,1,0,0,0,1,No,No,Urban,Coordinate,41.87105,-87.7742896
32980,202201345504,2022,Failing to Reduce Speed to Avoid Crash,Speed,Unable to Determine,Pedestrian,No Controls,No Controls,Clear,"Darkness, Lighted Road",41.865040791742686,-87.8027599162765,Oak Park,"C-Injury reported, not evident crash",Yes,No,3,19,16,No,No,Yes,Yes,Yes,No,District 1,Region 1,(N/A),0,1,Wed,No,Yes,No,No,No,No,No,No,0,0,1,0,0,0,No,No,Urban,Coordinate,41.8650408,-87.8027599
32994,202401323977,2024,Failing to Yield Right of Way,Other,Failing to Yield Right of Way,Pedalcyclist,No Controls,No Controls,Clear,Daylight,41.89453,-87.78488,Oak Park,B-Non-incapacitating injury crash,Yes,No,2,15,35,No,No,No,Yes,Yes,No,District 1,Region 1,(N/A),0,1,Fri,Yes,No,Yes,No,No,No,No,No,0,1,0,0,0,1,No,No,Urban,Coordinate,41.89453,-87.78488
33058,202401325222,2024,Vision Obscured,Other,(N/A),Pedestrian,No Controls,No Controls,Clear,Daylight,41.86891,-87.78899,Oak Park,B-Non-incapacitating injury crash,Yes,No,2,11,06,No,No,No,Yes,Yes,No,District 1,Region 1,(N/A),0,1,Sun,No,Yes,No,No,No,No,No,No,0,1,0,0,0,1,No,No,Urban,Coordinate,41.86891,-87.78899
33059,202401325238,2024,Failing to Reduce Speed to Avoid Crash,Speed,Distraction - From Inside Vehicle,Pedestrian,No Controls,No Controls,Clear,Darkness,41.88078,-87.79262,Oak Park,"C-Injury reported, not evident crash",Yes,No,3,01,55,No,No,No,Yes,Yes,Yes,District 1,Region 1,(N/A),0,1,Mon,No,Yes,No,No,No,No,No,No,0,0,1,0,0,0,No,No,Urban,Coordinate,41.88078,-87.79262
33225,202201351126,2022,Failing to Yield Right of Way,Other,Failing to Reduce Speed to Avoid Crash,Pedalcyclist,Stop Sign,Functioning Properly,Clear,"Darkness, Lighted Road",41.88512759998009,-87.78949956762592,Oak Park,A-Incapacitating injury crash,Yes,No,1,18,19,No,Yes,No,Yes,Yes,No,District 1,Region 1,Pleasant St/S East Ave,0,1,Thu,Yes,No,Yes,No,No,No,No,No,1,0,0,0,1,1,No,No,Urban,Coordinate,41.8851276,-87.7894996
33226,202201351128,2022,Failing to Yield Right of Way,Other,(N/A),Pedestrian,Traffic Signal,Functioning Properly,Clear,Daylight,41.887843639504815,-87.77487613204806,Oak Park,B-Non-incapacitating injury crash,Yes,No,2,11,04,No,No,No,Yes,Yes,Yes,District 1,Region 1,(N/A),0,1,Fri,No,Yes,No,No,No,No,No,No,0,1,0,0,0,1,No,No,Urban,Coordinate,41.8878436,-87.7748761
33317,202201038987,2022,Failing to Yield Right of Way,Other,Failing to Reduce Speed to Avoid Crash,Pedestrian,Pedestrian Crossing Sign,Functioning Properly,Clear,Darkness,,,Oak Park,B-Non-incapacitating injury crash,Yes,No,2,18,53,No,No,Yes,Yes,Yes,No,District 1,Region 1,(N/A),0,2,Fri,No,Yes,No,No,No,No,No,No,0,1,0,0,0,1,No,No,(UNK),CrashCity,41.88865,-87.794492